"i","l","g","c","o"
"S-531952","49.8736526575676","14.1047619927971","Všeradice","Česká republika"
"S-531979","49.9180199030405","14.2080825930089","Zadní Třebaň","Česká republika"
"S-531057","49.9638244753903","14.0719992185939","Beroun","Česká republika"
"S-531669","49.9804937185552","13.9787644235418","Otročiněves","Česká republika"
"S-532223","50.1189975190982","14.0478257870156","Doksy","Česká republika"
"S-532860","50.1463057501041","13.9634566268455","Stochov","Česká republika"
"S-533955","49.9483867076828","15.2681607313357","Kutná Hora","Česká republika"
"S-534676","50.3504936535904","14.4741116720676","Mělník","Česká republika"
"S-534951","50.2410689533219","14.3114994871569","Kralupy nad Vltavou","Česká republika"
"S-535087","50.2592558220928","14.5175973468363","Neratovice","Česká republika"
"S-535443","50.5012080316806","14.8041808111155","Bělá pod Bezdězem","Česká republika"
"S-535451","50.2908491922681","14.8234310275629","Benátky nad Jizerou","Česká republika"
"S-536326","50.5272007037643","14.9713306716734","Mnichovo Hradiště","Česká republika"
"S-570826","50.4384953597391","14.9299950001663","Kosmonosy","Česká republika"
"S-570940","50.437291047213","14.9724725623042","Dolní Stakory","Česká republika"
"S-537276","50.192911119135","14.9994206643327","Kamenné Zboží","Česká republika"
"S-538094","50.1870882296086","14.6632574862223","Brandýs nad Labem-Stará Boleslav","Česká republika"
"S-538728","49.991674645647","14.6542686939105","Říčany","Česká republika"
"S-538957","50.0739413608499","14.730803786727","Úvaly","Česká republika"
"S-533416","49.9940332706139","14.8592159513673","Kostelec nad Černými Lesy","Česká republika"
"S-564788","49.9683538628932","14.877856679123","Prusice","Česká republika"
"S-539139","49.9600800393062","14.3197957385088","Černošice","Česká republika"
"S-539333","49.8954462070728","14.4933271695469","Jílové u Prahy","Česká republika"
"S-539813","50.160500280206","14.3144746527039","Velké Přílepy","Česká republika"
"S-531723","50.0350241101675","14.2343485516065","Rudná","Česká republika"
"S-539911","49.6898804760474","14.0104255301269","Příbram","Česká republika"
"S-540013","49.5576359610694","13.9506285448345","Březnice","Česká republika"
"S-540757","49.6319252874034","14.0459962743361","Milín","Česká republika"
"S-540439","49.6390212720944","14.2534411688502","Kamýk nad Vltavou","Česká republika"
"S-541281","49.6605744935336","14.4266357674455","Sedlčany","Česká republika"
"S-530573","49.5718320539061","14.5325933500857","Sedlec-Prčice","Česká republika"
"S-541656","50.1037018116185","13.7334054745823","Rakovník","Česká republika"
"S-545201","49.2234006907253","14.4205604514435","Týn nad Vltavou","Česká republika"
"S-544256","48.9744718635495","14.4743301977067","České Budějovice","Česká republika"
"S-544281","48.898602250089","14.6422556758036","Borovany","Česká republika"
"S-544663","48.8975332744737","14.4463714805158","Kamenný Újezd","Česká republika"
"S-544868","48.7896300759105","14.7783707621883","Nové Hrady","Česká republika"
"S-549371","49.3058727468711","14.3838140084454","Dražíč","Česká republika"
"S-545392","48.8109098422009","14.3151970638619","Český Krumlov","Česká republika"
"S-545848","48.6159788078523","14.3118113342599","Vyšší Brod","Česká republika"
"S-513661","48.9483160027703","14.2471522244387","Nová Ves","Česká republika"
"S-545881","49.1440466130074","15.002997825194","Jindřichův Hradec","Česká republika"
"S-546127","49.0815425433542","15.4372586832452","Dačice","Česká republika"
"S-546461","48.9623475034984","14.9279777099007","Chlum u Třeboně","Česká republika"
"S-546798","49.0192591281992","15.1031463752654","Nová Bystřice","Česká republika"
"S-546844","49.0810011353429","14.8221480389056","Novosedly nad Nežárkou","Česká republika"
"S-547069","48.8792116317271","14.9329003785503","Rapšach","Česká republika"
"S-547166","48.997532490826","15.351528865771","Slavonice","Česká republika"
"S-547280","48.8933322938696","14.8769439327942","Suchdol nad Lužnicí","Česká republika"
"S-547336","49.0036401102344","14.7706379268057","Třeboň","Česká republika"
"S-549517","49.5176033508916","14.2780912259871","Kovářov","Česká republika"
"S-549576","49.4508961007705","14.360000600561","Milevsko","Česká republika"
"S-549584","49.4290827474014","14.0369721677665","Mirotice","Česká republika"
"S-549240","49.308799940052","14.1474994256268","Písek","Česká republika"
"S-562301","49.3291236035589","14.1959855086414","Dolní Novosedly","Česká republika"
"S-550094","49.0129275846733","13.9975188581681","Prachatice","Česká republika"
"S-550361","48.9947952122307","14.1497973976555","Lhenice","Česká republika"
"S-550426","48.9835387584457","14.1250599566467","Mičovice","Česká republika"
"S-550515","49.1017955111964","13.6665909636939","Stachy","Česká republika"
"S-550647","49.0524364165038","13.774260596515","Vimperk","Česká republika"
"S-551384","49.1264088385027","13.8828274733837","Malenice","Česká republika"
"S-551660","49.3163473484329","13.9302392619937","Radomyšl","Česká republika"
"S-551953","49.147895458966","14.1751243115681","Vodňany","Česká republika"
"S-551970","49.1657827917382","13.8862365492934","Volyně","Česká republika"
"S-536962","49.1552267890247","13.8973497334119","Nišovice","Česká republika"
"S-550787","49.2614110267809","13.9023713392994","Strakonice","Česká republika"
"S-550850","49.4248899982033","13.8817597475584","Blatná","Česká republika"
"S-551139","49.1217856679233","14.1691083600611","Chelčice","Česká republika"
"S-553069","49.3851894888819","14.6847977728364","Sezimovo Ústí","Česká republika"
"S-553131","49.259937634824","14.7186063870387","Soběslav","Česká republika"
"S-552046","49.4144156113754","14.6577969196491","Tábor","Česká republika"
"S-552208","49.2428659699459","14.8447561726833","Dírná","Česká republika"
"S-553786","49.390764230991","13.0396917143206","Kdyně","Česká republika"
"S-554111","49.5102884992316","12.802623855317","Poběžovice","Česká republika"
"S-554138","49.458267606895","12.8067972497351","Postřekov","Česká republika"
"S-553425","49.4404879028343","12.9297762421549","Domažlice","Česká republika"
"S-553441","49.5911421375551","12.7176153862612","Bělá nad Radbuzou","Česká republika"
"S-553654","49.5936105979865","13.1013009962723","Holýšov","Česká republika"
"S-553689","49.5597031895864","12.7714779565683","Hostouň","Česká republika"
"S-555771","49.3955209326456","13.2950651488051","Klatovy","Česká republika"
"S-556254","49.3206896867973","13.7010053767579","Horažďovice","Česká republika"
"S-556394","49.3451465710477","13.2181455204197","Janovice nad Úhlavou","Česká republika"
"S-556955","49.3899293518633","13.4710671963025","Plánice","Česká republika"
"S-557013","49.2807429989949","13.6176156488085","Rabí","Česká republika"
"S-557544","49.2672293915211","13.6278503653074","Žichovice","Česká republika"
"S-557153","49.2310634247116","13.5201917307812","Sušice","Česká republika"
"S-554791","49.7474771238849","13.3775912290833","Plzeň","Česká republika"
"S-557587","49.5821979889957","13.5400954327486","Blovice","Česká republika"
"S-557676","49.6548249987816","13.293073263168","Dobřany","Česká republika"
"S-558109","49.4861646551459","13.5822585407496","Nepomuk","Česká republika"
"S-559628","49.8416735839422","13.2294333654974","Všeruby","Česká republika"
"S-559717","49.7426996231379","13.5945888285355","Rokycany","Česká republika"
"S-560014","49.7890475888593","13.7346159395858","Mýto","Česká republika"
"S-560162","49.7355199572456","13.7575500909768","Strašice","Česká republika"
"S-560715","49.7952750471033","12.6336503144596","Tachov","Česká republika"
"S-560740","49.9072433093644","12.9711053255195","Bezdružice","Česká republika"
"S-560758","49.7115908087096","12.775167268874","Bor","Česká republika"
"S-560863","49.8310163933595","12.5793892687707","Halže","Česká republika"
"S-560952","49.8811532553744","12.9778714112522","Konstantinovy Lázně","Česká republika"
"S-561134","49.8681544615763","12.7437808129061","Planá","Česká republika"
"S-561169","49.6681581706286","12.5518890540943","Rozvadov","Česká republika"
"S-561215","49.7529376451952","13.0040953348656","Stříbro","Česká republika"
"S-554812","50.170300434423","12.3614194645333","Skalná","Česká republika"
"S-554481","50.0796353859944","12.3739013921564","Cheb","Česká republika"
"S-554499","50.2238727387336","12.1949581708596","Aš","Česká republika"
"S-554618","50.1281615564807","12.2307941153406","Libá","Česká republika"
"S-554634","50.2524850998691","12.4059255888046","Luby","Česká republika"
"S-554642","49.9645870869627","12.701177222011","Mariánské Lázně","Česká republika"
"S-538868","50.0856815433526","12.2840883657266","Pomezí nad Ohří","Česká republika"
"S-538906","50.0557746181654","12.5475871899212","Milíkov","Česká republika"
"S-554961","50.221321928232","12.8860716604697","Karlovy Vary","Česká republika"
"S-555029","50.1509003612786","13.045169147758","Bochov","Česká republika"
"S-555398","50.2709220399264","12.784214263599","Nová Role","Česká republika"
"S-555428","50.3059301267702","12.9390697725827","Ostrov","Česká republika"
"S-560286","50.1813023410345","12.6400925848706","Sokolov","Česká republika"
"S-560294","50.1455761846394","12.6499511992759","Březová","Česká republika"
"S-560367","50.1386346615961","12.8075769644422","Horní Slavkov","Česká republika"
"S-560472","50.3237304311896","12.5174550918974","Kraslice","Česká republika"
"S-560499","50.1189279169713","12.5302564368861","Kynšperk nad Ohří","Česká republika"
"S-560537","50.1860052893794","12.7540412047574","Loket","Česká republika"
"S-562335","50.7821486590369","14.2147963004522","Děčín","Česká republika"
"S-562351","50.7415835561247","14.3123996264521","Benešov nad Ploučnicí","Česká republika"
"S-562882","50.9115406879917","14.6182352381341","Varnsdorf","Česká republika"
"S-562971","50.4604778461946","13.4178008068029","Chomutov","Česká republika"
"S-563099","50.4997951463412","13.4477066755198","Jirkov","Česká republika"
"S-563102","50.3759868498208","13.2713184940273","Kadaň","Česká republika"
"S-563129","50.3844566573176","13.171287602879","Klášterec nad Ohří","Česká republika"
"S-563242","50.4470513714624","13.2673183245755","Místo","Česká republika"
"S-564567","50.5334752263209","14.1318142956376","Litoměřice","Česká republika"
"S-565555","50.4252795074043","14.2617581656822","Roudnice nad Labem","Česká republika"
"S-565776","50.4580633929614","13.8992740874057","Třebívlice","Česká republika"
"S-565971","50.3569883748927","13.7966861219621","Louny","Česká republika"
"S-566713","50.3506068394291","13.9077178336375","Slavětín","Česká republika"
"S-566985","50.3271705043462","13.545784036728","Žatec","Česká republika"
"S-546879","50.3124878941987","13.7999298497717","Líšťany","Česká republika"
"S-542547","50.3469798738375","13.8526570743607","Blšany u Loun","Česká republika"
"S-567027","50.5030073626823","13.6361909366315","Most","Česká republika"
"S-567256","50.6006869822929","13.6111317957171","Litvínov","Česká republika"
"S-567311","50.6211534653156","13.598720700118","Meziboří","Česká republika"
"S-567329","50.5947407500165","13.482464246073","Nová Ves v Horách","Česká republika"
"S-567337","50.5049766124688","13.695414078202","Obrnice","Česká republika"
"S-567451","50.5485406232699","13.7753638861938","Bílina","Česká republika"
"S-567515","50.6037639567012","13.7462278233744","Duchcov","Česká republika"
"S-567523","50.6308134981913","13.7125982721591","Háj u Duchcova","Česká republika"
"S-567698","50.4804162113803","13.8179907578319","Měrunice","Česká republika"
"S-567779","50.6227095906405","13.6858758169559","Osek","Česká republika"
"S-568007","50.6731789640909","13.9418611933212","Chabařovice","Česká republika"
"S-553697","50.6428596280813","13.9945092786479","Trmice","Česká republika"
"S-561495","50.5647086150885","14.6555269036472","Doksy","Česká republika"
"S-561681","50.7735848082412","14.4728741391855","Kamenický Šenov","Česká republika"
"S-561835","50.6586843956218","14.7247357264992","Mimoň","Česká republika"
"S-561860","50.7576064776666","14.5555564759027","Nový Bor","Česká republika"
"S-563510","50.7243056737817","15.1710630653672","Jablonec nad Nisou","Česká republika"
"S-563790","50.6837875955477","15.149776934604","Rychnov u Jablonce nad Nisou","Česká republika"
"S-563811","50.738199039244","15.2463769116069","Smržovka","Česká republika"
"S-563820","50.7373527263849","15.3058354520317","Tanvald","Česká republika"
"S-564036","51.0190332759528","15.0651299025857","Habartice","Česká republika"
"S-564044","50.87719994156","15.1816542885422","Hejnice","Česká republika"
"S-564061","50.6658590763098","15.089840839022","Hodkovice nad Mohelkou","Česká republika"
"S-564117","50.8169231434873","14.9688251149266","Chrastava","Česká republika"
"S-564141","50.6101661581963","15.0043273067417","Kobyly","Česká republika"
"S-564265","50.9249113539652","15.2294029602479","Nové Město pod Smrkem","Česká republika"
"S-564290","50.6948853811128","14.9213688333436","Osečná","Česká republika"
"S-564354","50.5781280744603","15.0838893325607","Příšovice","Česká republika"
"S-546607","50.8926450543097","15.0365491213629","Dětřichov","Česká republika"
"S-547476","50.7241668094335","15.4009454394279","Paseky nad Jizerou","Česká republika"
"S-577006","50.6400695042982","15.3370837680984","Bozkov","Česká republika"
"S-577162","50.7034693153441","15.4295709384487","Jablonec nad Jizerou","Česká republika"
"S-577456","50.7256113624224","15.4335536076767","Rokytnice nad Jizerou","Česká republika"
"S-577472","50.5353155348509","15.2593981022972","Rovensko pod Troskami","Česká republika"
"S-571105","50.2696400863351","15.9789384791763","Výrava","Česká republika"
"S-569810","50.2092264698809","15.8327611359683","Hradec Králové","Česká republika"
"S-570109","50.1544004760922","15.460256631507","Chlumec nad Cidlinou","Česká republika"
"S-570249","50.1917501914652","15.6948951739539","Libčany","Česká republika"
"S-570508","50.2414996197772","15.4908139032868","Nový Bydžov","Česká republika"
"S-572659","50.4372233522161","15.3516159018191","Jičín","Česká republika"
"S-572926","50.366088281944","15.6318239408125","Hořice","Česká republika"
"S-573060","50.3308478011116","15.270286978929","Kopidlno","Česká republika"
"S-573159","50.4310527493643","15.4702792489719","Lužany","Česká republika"
"S-573990","50.3946691482909","16.0427500747094","Česká Skalice","Česká republika"
"S-574031","50.5992606896116","16.2994168053768","Hejtmánkovice","Česká republika"
"S-574066","50.467355531409","16.1447527928668","Horní Radechová","Česká republika"
"S-574082","50.4796861726913","16.1822879708854","Hronov","Česká republika"
"S-574121","50.3561948706274","15.921353478214","Jaroměř","Česká republika"
"S-574228","50.5475335163073","16.3419553826079","Martínkovice","Česká republika"
"S-574252","50.6246132427101","16.2420491110152","Meziměstí","Česká republika"
"S-574279","50.3445648781664","16.1514549848191","Nové Město nad Metují","Česká republika"
"S-574554","50.3567695559565","15.8416732403149","Velichovky","Česká republika"
"S-574571","50.517257587099","16.2062466503199","Velké Petrovice","Česká republika"
"S-576191","50.0763666586666","16.1320942572761","Čermná nad Orlicí","Česká republika"
"S-576271","50.2920129272999","16.1600041260873","Dobruška","Česká republika"
"S-576361","50.1226661938279","16.2131804865853","Kostelec nad Orlicí","Česká republika"
"S-576409","50.2944059658049","15.9990029747877","Králova Lhota","Česká republika"
"S-576859","50.1513620124227","16.0776912882052","Týniště nad Orlicí","Česká republika"
"S-579025","50.561008294926","15.9126846852374","Trutnov","Česká republika"
"S-579114","50.6349614288594","15.7105734485339","Černý Důl","Česká republika"
"S-579203","50.4317212231898","15.8140080560252","Dvůr Králové nad Labem","Česká republika"
"S-579262","50.6585630239156","15.8197291860802","Horní Maršov","Česká republika"
"S-579297","50.5406629435931","15.7233187600999","Hostinné","Česká republika"
"S-579378","50.5350013186871","16.108986662451","Jívka","Česká republika"
"S-579432","50.6350029749614","15.658874901002","Lánov","Česká republika"
"S-579777","50.5123758073052","16.016050372335","Úpice","Česká republika"
"S-579858","50.6269681477588","15.6093551658512","Vrchlabí","Česká republika"
"S-571164","49.9510903417112","15.7955714686083","Chrudim","Česká republika"
"S-571911","49.8444957774493","15.8046034194267","Nasavrky","Česká republika"
"S-574953","50.105089709476","15.8087464162255","Dříteč","Česká republika"
"S-574988","50.0660095475823","15.9858948061274","Holice","Česká republika"
"S-555134","50.0385363127045","15.7802005215842","Pardubice","Česká republika"
"S-577731","49.7559359923596","16.4682914625505","Svitavy","Česká republika"
"S-577928","49.6284566300608","16.3467876383428","Bystré","Česká republika"
"S-578347","49.8720308968886","16.3105207133475","Litomyšl","Česká republika"
"S-578444","49.7579288340624","16.6642587329298","Moravská Třebová","Česká republika"
"S-578487","49.8249970958639","16.5045790544195","Opatov","Česká republika"
"S-578576","49.7146443952483","16.2654323677209","Polička","Česká republika"
"S-580031","49.9018827526495","16.4472786431048","Česká Třebová","Česká republika"
"S-580121","49.9927317096517","16.497656692305","Dolní Dobrouč","Česká republika"
"S-580147","50.0031832072988","16.3896992037447","Libchavy","Česká republika"
"S-580431","50.1116040568524","16.5544857412986","Klášterec nad Orlicí","Česká republika"
"S-580503","50.1292742359496","16.4999614640382","Kunvald","Česká republika"
"S-580511","49.912166499582","16.6118992214782","Lanškroun","Česká republika"
"S-580538","50.0357998700862","16.4987833666844","Letohrad","Česká republika"
"S-581186","49.9532031207268","16.1616897547578","Vysoké Mýto","Česká republika"
"S-581259","50.0860121512686","16.4673768015152","Žamberk","Česká republika"
"S-569321","49.5768378306633","15.7385423288919","Přibyslav","Česká republika"
"S-569569","49.6680077379249","15.403929201661","Světlá nad Sázavou","Česká republika"
"S-569780","49.6959555765464","15.8135985259242","Ždírec nad Doubravou","Česká republika"
"S-586846","49.396099985009","15.5912395356656","Jihlava","Česká republika"
"S-587761","49.1452037773186","15.475227119155","Radkov","Česká republika"
"S-588024","49.1841750732982","15.4527458727659","Telč","Česká republika"
"S-547492","49.4313383822359","15.2233504131672","Pelhřimov","Česká republika"
"S-547778","49.511232319057","15.1783583861552","Červená Řečice","Česká republika"
"S-548111","49.303034615033","15.0751809869876","Kamenice nad Lipou","Česká republika"
"S-548511","49.4707640609827","15.0016722103786","Pacov","Česká republika"
"S-548561","49.2601997757584","15.2402138092291","Počátky","Česká republika"
"S-549215","49.5298359473972","15.2218026223378","Želiv","Česká republika"
"S-590266","49.2149215711795","15.8816542235876","Třebíč","Česká republika"
"S-590789","49.0189829423084","15.5699297244499","Jemnice","Česká republika"
"S-591211","49.2072616158113","16.1584859890316","Náměšť nad Oslavou","Česká republika"
"S-595209","49.5626325477781","15.9392377233623","Žďár nad Sázavou","Česká republika"
"S-595292","49.4792107713782","15.8758158027113","Bohdalov","Česká republika"
"S-595411","49.5229450406612","16.2614659599974","Bystřice nad Pernštejnem","Česká republika"
"S-595772","49.6371870802664","16.2263181512333","Jimramov","Česká republika"
"S-596230","49.5614420315313","16.0741812297963","Nové Město na Moravě","Česká republika"
"S-596647","49.5202154668386","16.200095722697","Rozsochy","Česká republika"
"S-596876","49.6346711571824","15.9259304208878","Škrdlovice","Česká republika"
"S-596973","49.2886250637482","16.2258524383625","Velká Bíteš","Česká republika"
"S-597007","49.3552161323497","16.0122405934436","Velké Meziříčí","Česká republika"
"S-581283","49.3631337782849","16.6431530578262","Blansko","Česká republika"
"S-581372","49.4875114441414","16.6599728456601","Boskovice","Česká republika"
"S-581682","49.344530902809","16.7559528495742","Jedovnice","Česká republika"
"S-581763","49.3551056090557","16.7843569891681","Kotvrdovice","Česká republika"
"S-582646","49.6123707448973","16.6794703131145","Velké Opatovice","Česká republika"
"S-582786","49.1918627491147","16.6110895491627","Brno","Česká republika"
"S-551287","49.2064618130337","16.6977710162492","Brno-Líšeň","Česká republika"
"S-582956","49.0701090268614","16.4649249675479","Dolní Kounice","Česká republika"
"S-583120","49.1014421207056","16.3775217629866","Ivančice","Česká republika"
"S-583197","49.2637044230929","16.714522354871","Kanice","Česká republika"
"S-583251","49.2985164241625","16.5314434150594","Kuřim","Česká republika"
"S-583367","49.0350866099872","16.5223840454277","Medlov","Česká republika"
"S-583588","49.1233437539637","16.3365315494891","Oslavany","Česká republika"
"S-583677","49.2097630933946","16.7907471503537","Pozořice","Česká republika"
"S-583782","49.1823174521936","16.3878731484516","Rosice","Česká republika"
"S-584002","49.3487169629964","16.4243818517303","Tišnov","Česká republika"
"S-584282","49.0395215477886","16.6188138481842","Židlochovice","Česká republika"
"S-584801","48.9811835727771","16.5244608462931","Pohořelice","Česká republika"
"S-595527","49.3609909625863","16.3587080472179","Dolní Loučky","Česká republika"
"S-584860","48.8581075737122","16.8133179230384","Rakvice","Česká republika"
"S-584932","49.01432479097","16.7797645320677","Šitbořice","Česká republika"
"S-585009","48.99167392283","16.6720903870168","Velké Němčice","Česká republika"
"S-584291","48.7589624810324","16.8820504872046","Břeclav","Česká republika"
"S-584347","48.91302152232","16.8530760666278","Bořetice","Česká republika"
"S-584363","48.9607931180138","16.8961657548173","Brumovice","Česká republika"
"S-584576","48.746845404746","16.9787108187741","Kostice","Česká republika"
"S-584622","48.7244263551006","16.9669710164725","Lanžhot","Česká republika"
"S-584754","48.809611968411","16.4937371430351","Nový Přerov","Česká republika"
"S-586021","48.848932054838","17.1324619982781","Hodonín","Česká republika"
"S-586081","48.9733641636704","17.2668639306988","Bzenec","Česká republika"
"S-586200","49.0232881991381","17.1798374596122","Hýsly","Česká republika"
"S-586307","49.0101767987626","17.1225391959538","Kyjov","Česká republika"
"S-586331","48.9151691227964","17.4892855295667","Louka","Česká republika"
"S-586561","48.8746874793903","16.9881934497049","Starý Poddvorov","Česká republika"
"S-586587","48.9010185904128","17.3168173973966","Strážnice","Česká republika"
"S-586625","48.9836656534347","17.0949214758996","Svatobořice-Mistřín","Česká republika"
"S-586714","48.8825709154688","17.5206108630423","Velká nad Veličkou","Česká republika"
"S-586722","48.9536343512123","17.3764949109375","Veselí nad Moravou","Česká republika"
"S-586749","48.989601317378","17.1635708595925","Vlkoš","Česká republika"
"S-592889","49.2774695080212","16.9989797555934","Vyškov","Česká republika"
"S-593001","49.2762950460311","16.9514681903136","Drnovice","Česká republika"
"S-593559","49.201280938572","16.8821520937557","Rousínov","Česká republika"
"S-593583","49.1532533479408","16.8764989801327","Slavkov u Brna","Česká republika"
"S-593711","48.8554930097188","16.0487999772441","Znojmo","Česká republika"
"S-593842","48.8699175456603","16.3417572890299","Břežany","Česká republika"
"S-594156","48.829902104021","16.402717204939","Hrušovany nad Jevišovkou","Česká republika"
"S-594458","48.9476653638191","16.3125266725506","Miroslav","Česká republika"
"S-595047","49.0208937352253","16.3784986775469","Vedrovice","Česká republika"
"S-595128","48.7997710175947","16.1006192179992","Vrbovec","Česká republika"
"S-555231","48.8661125206917","16.0890225923791","Suchohrdly","Česká republika"
"S-536385","50.2293721681351","17.2046476556365","Jeseník","Česká republika"
"S-540382","50.2985404777942","17.3215564171326","Mikulovice","Česká republika"
"S-533491","50.3082191849274","17.1469973548927","Černá Voda","Česká republika"
"S-536148","50.3907767188221","17.0027139958754","Javorník","Česká republika"
"S-569356","50.2573606150985","17.2280530518404","Česká Ves","Česká republika"
"S-569453","50.3165799694051","17.2659336956426","Velké Kunětice","Česká republika"
"S-597996","50.2638005239329","17.3960258796819","Zlaté Hory","Česká republika"
"S-500496","49.5938691633526","17.2508746894109","Olomouc","Česká republika"
"S-502146","49.6275748587719","17.4025355608603","Hlubočky","Česká republika"
"S-503444","49.701210382729","17.0761524647532","Litovel","Česká republika"
"S-504441","49.6546227174146","17.1296921918338","Náklo","Česká republika"
"S-504505","49.6021276048522","17.0653963797707","Náměšť na Hané","Česká republika"
"S-505587","49.7709150970602","17.1214407054903","Uničov","Česká republika"
"S-589250","49.4718788416811","17.1118436772707","Prostějov","Česká republika"
"S-513750","49.547966413036","17.7346933641867","Hranice","Česká republika"
"S-517534","49.4781715914664","17.5165613770364","Radslavice","Česká republika"
"S-517615","49.471736517186","17.7791427139692","Rouské","Česká republika"
"S-518026","49.4859304461816","17.5373810131768","Sušice","Česká republika"
"S-513229","49.4259461173183","17.5920460635877","Dřevohostice","Česká republika"
"S-511382","49.4551108307973","17.4509050661501","Přerov","Česká republika"
"S-523704","49.9652834681521","16.9706111821677","Šumperk","Česká republika"
"S-525588","49.940804213315","16.9284909544763","Bludov","Česká republika"
"S-540773","49.907563158269","16.9122653120317","Postřelmov","Česká republika"
"S-540978","49.9809968127653","16.8778215934247","Ruda nad Moravou","Česká republika"
"S-541109","49.9190246227977","16.945166153811","Sudkov","Česká republika"
"S-541168","49.9612228613961","16.7657592373893","Štíty","Česká republika"
"S-541222","49.7983074681468","17.0105524757365","Úsov","Česká republika"
"S-536521","50.0957946506521","16.9849035399265","Jindřichov","Česká republika"
"S-541354","49.882601122116","16.87222951794","Zábřeh","Česká republika"
"S-540471","49.776983012953","16.9194646738894","Mohelnice","Česká republika"
"S-553379","49.9350626028932","16.9710760478389","Dolní Studénky","Česká republika"
"S-569445","49.9779243804473","17.0123436575307","Vikýřovice","Česká republika"
"S-506737","49.3891855490381","17.7114859677919","Chvalčov","Česká republika"
"S-588296","49.2978536909478","17.3931202037171","Kroměříž","Česká republika"
"S-588458","49.3333135590075","17.5783227584006","Holešov","Česká republika"
"S-592005","49.0697527681986","17.4596929017829","Uherské Hradiště","Česká republika"
"S-592048","49.0386517135729","17.8148736045863","Bojkovice","Česká republika"
"S-592102","49.0862736536173","17.3385277010557","Buchlovice","Česká republika"
"S-592307","49.1575840358103","17.4161940121072","Košíky","Česká republika"
"S-592439","48.9746499969266","17.6475810357659","Nivnice","Česká republika"
"S-592498","49.0383113137665","17.8506745193025","Pitín","Česká republika"
"S-592617","48.9021633050025","17.7067215570174","Strání","Česká republika"
"S-592722","49.084271375555","17.3698349862665","Tupesy","Česká republika"
"S-592731","49.0251349466982","17.6471563252297","Uherský Brod","Česká republika"
"S-592749","48.9855598731609","17.389855243672","Uherský Ostroh","Česká republika"
"S-550744","49.0449911804456","17.4701137066819","Kunovice","Česká republika"
"S-544949","49.4150778528822","18.1097656361218","Valašská Bystřice","Česká republika"
"S-545058","49.471808982009","17.9711233793239","Valašské Meziříčí","Česká republika"
"S-544787","49.3676984145225","17.9149822036896","Ratiboř","Česká republika"
"S-544841","49.4585316837555","18.143011713468","Rožnov pod Radhoštěm","Česká republika"
"S-541630","49.3387147769014","17.9961834710545","Vsetín","Česká republika"
"S-542644","49.2017508957193","18.1117362991676","Francova Lhota","Česká republika"
"S-542814","49.4309728856363","18.2139145163489","Hutisko-Solanec","Česká republika"
"S-543098","49.1787877143527","18.0164888408049","Lačnov","Česká republika"
"S-557145","49.3034947283786","17.6687007618004","Lukoveček","Česká republika"
"S-557170","49.2709306643893","17.7668289657107","Ostrata","Česká republika"
"S-585068","49.2266587663621","17.6663349475988","Zlín","Česká republika"
"S-585092","49.1631056471185","17.6367572164475","Bohuslavice u Zlína","Česká republika"
"S-585289","49.248487078369","17.7516312007414","Hvozdná","Česká republika"
"S-585459","49.0998281795198","17.7574740890107","Luhačovice","Česká republika"
"S-585521","49.1083147080285","18.0529367069173","Návojná","Česká republika"
"S-585599","49.2099196797297","17.5307707418065","Otrokovice","Česká republika"
"S-585751","49.0879935041252","17.8734862209898","Slavičín","Česká republika"
"S-585807","49.0454730118809","17.8984008191527","Šanov","Česká republika"
"S-585939","49.2228767455795","17.8545420172192","Vizovice","Česká republika"
"S-597180","49.9884446638341","17.4647105544126","Bruntál","Česká republika"
"S-597350","49.966820644615","17.6026334486498","Horní Benešov","Česká republika"
"S-597520","50.0896680585908","17.7038603154541","Krnov","Česká republika"
"S-597635","50.1629401689192","17.5748195285341","Město Albrechtice","Česká republika"
"S-597716","50.2751729857376","17.7152489061481","Osoblaha","Česká republika"
"S-597775","50.209788199912","17.7342339842402","Rusín","Česká republika"
"S-597783","49.9318291572182","17.2717733047231","Rýmařov","Česká republika"
"S-597872","50.0452984285558","17.4009293060282","Světlá Hora","Česká republika"
"S-597937","50.0471566229792","17.7447456940423","Úvalno","Česká republika"
"S-597945","49.9746358088346","17.3762859043811","Václavov u Bruntálu","Česká republika"
"S-598003","49.6853658446231","18.3483728100548","Frýdek-Místek","Česká republika"
"S-598046","49.7169921120379","18.4096362418921","Bruzovice","Česká republika"
"S-598143","49.5928047942381","18.3596554792951","Frýdlant nad Ostravicí","Česká republika"
"S-598259","49.5767171783289","18.7645553863859","Jablunkov","Česká republika"
"S-598364","49.5971883498127","18.2983473789946","Lhotka","Česká republika"
"S-598453","49.527375236833","18.754138522854","Mosty u Jablunkova","Česká republika"
"S-568830","49.7333737524606","18.3170694492325","Řepiště","Česká republika"
"S-554928","49.6666134022658","18.7130583826757","Vendryně","Česká republika"
"S-552542","49.6603917841012","18.4922541852019","Dobratice","Česká republika"
"S-552607","49.6841572988623","18.4884502552315","Dolní Tošanovice","Česká republika"
"S-552631","49.6923720720821","18.5053108382817","Horní Tošanovice","Česká republika"
"S-507181","49.6134758217797","18.3615976930254","Pržno","Česká republika"
"S-507458","49.5900868123961","18.6946209519588","Košařiska","Česká republika"
"S-507547","49.5856511807305","18.7194052374931","Milíkov","Česká republika"
"S-512028","49.5592416521942","18.8022778053687","Písek","Česká republika"
"S-555088","49.7798417557542","18.436880475432","Havířov","Česká republika"
"S-598925","49.7864501977178","18.5244355608735","Albrechtice","Česká republika"
"S-598933","49.7461291371347","18.6261249330965","Český Těšín","Česká republika"
"S-598941","49.8941106646715","18.4608017758813","Dětmarovice","Česká republika"
"S-599051","49.904101627651","18.3575566349348","Bohumín","Česká republika"
"S-599069","49.8452615593676","18.4301156002389","Orlová","Česká republika"
"S-599085","49.8309946245956","18.3894095604193","Petřvald","Česká republika"
"S-599191","49.5943774293638","18.0102744548323","Nový Jičín","Česká republika"
"S-599247","49.756387766296","18.0158158544585","Bílovec","Česká republika"
"S-599409","49.5385644911168","18.0236704545713","Hodslavice","Česká republika"
"S-599565","49.5994731539106","18.144796783931","Kopřivnice","Česká republika"
"S-599701","49.6625506591536","17.8308445320806","Odry","Česká republika"
"S-599921","49.7234179870473","18.0785284074552","Studénka","Česká republika"
"S-599930","49.6557230638101","17.9281567122824","Suchdol nad Odrou","Česká republika"
"S-554910","49.6286915578091","17.8666668095328","Vražné","Česká republika"
"S-500259","49.539167917634","18.114246711295","Veřovice","Česká republika"
"S-568686","49.6890444486136","18.1324658898256","Mošnov","Česká republika"
"S-568732","49.5635760319094","18.107183256456","Ženklava","Česká republika"
"S-511021","49.7744513350882","17.7494163654644","Vítkov","Česká republika"
"S-506753","49.8999308499893","18.0930447863898","Háj ve Slezsku","Česká republika"
"S-507016","49.8979492133468","18.1919660571717","Hlučín","Česká republika"
"S-505927","49.9386619825588","17.9025815019811","Opava","Česká republika"
"S-507580","49.9320306096992","18.0047320865885","Kravaře","Česká republika"
"S-507971","49.890419166154","18.2400927105381","Ludgeřovice","Česká republika"
"S-509647","49.9785650755844","18.1935095699235","Píšť","Česká republika"
"S-509736","49.8491722859671","17.9979063735622","Pustá Polom","Česká republika"
"S-510432","49.9260203148107","18.2701788024846","Šilheřovice","Česká republika"
"S-510483","49.9573803097979","18.0374248866703","Štěpánkovice","Česká republika"
"S-510882","49.8635926832213","18.0933153560169","Velká Polom","Česká republika"
"S-554821","49.8346423347359","18.282050395995","Ostrava","Česká republika"
"S-598739","49.7277524875622","18.1884984460177","Stará Ves nad Ondřejnicí","Česká republika"
"S-598798","49.7931478608601","18.3760679004035","Šenov","Česká republika"
"F-2157","50.2483932","12.0351604","Rehau","Německo"
"F-2158","50.4976133","12.1368679","Plauen","Německo"
"F-2159","50.4166667","12.1666667","Oelsnitz","Německo"
"F-2160","37.7950174","15.2103915","Fiumefreddo di Sicilia","Itálie"
"F-2162","47.04236","7.54137","Hindelbank","Švýcarsko"
"F-2163","49.5820959","12.5193822","Eslarn","Německo"
"F-2165","48.2543374","17.2119074","Svätý Jur","Slovensko"
"F-2166","49.8004763","8.8237674","Gross Bieberau","Německo"
"F-2168","49.8594669","8.7524067","Rossdorf","Německo"
"F-2169","51.2955584","11.5990541","Reinsdorf","Německo"
"F-2170","48.3343384","17.3069496","Modra","Slovensko"
"F-2172","50.9758426","13.8661223","Heidenau","Německo"
"F-2174","52.0319447","4.3176885","Rijswijk","Nizozemsko"
"F-2175","51.9083343","10.4465753","Goslar","Německo"
"F-2176","13.360614","-86.398154","Condega","Nikaragua"
"F-2177","50.8608509","17.4668311","Brzeg","Polsko"
"F-2179","49.9803214","12.0645204","Waldershof","Německo"
"F-2180","49.930112","11.9993067","Pullenreuth","Německo"
"F-2182","49.2026191","21.6518245","Stropkov","Slovensko"
"F-2183","57.3308698","10.5166278","Saeby","Dánsko"
"F-2184","50.7333333","24.1666667","Nowowolynsk","Ukrajina"
"F-2185","50.8951322","13.6684411","Dippoldiswalde","Německo"
"F-2186","49.1337354","10.0633573","Crailsheim","Německo"
"F-2187","50.54099","22.72198","Bilgoraj","Polsko"
"F-2188","44.127204","4.083352","Ales","Francie"
"F-2190","50.08005","18.00413","Kietrz","Polsko"
"F-2191","50.3230337","10.2028107","Bad Neustadt","Německo"
"F-2193","44.5975185","10.6917222","SCANDIANO","Itálie"
"F-2194","47.60687","15.67171","MÜRZZUSCHLAG","Rakousko"
"F-2195","51.2070067","16.1553231","LEGNICA","Polsko"
"F-2196","47.7625006","18.1305954","KOMÁRNO","Slovensko"
"F-2197","43.781493","1.405246","BOULOC","Francie"
"F-2199","49.0591659","19.9795396","Važec","Slovensko"
"F-2200","50.8242287","10.0230737","Vacha","Německo"
"F-2201","48.0322109","0.240253","Sarge-Les-Le Mans","Francie"
"F-2202","47.239232","7.8222057","Roggwil","Švýcarsko"
"F-2204","50.7396905","11.8749304","Triptis","Německo"
"F-2205","49.2206446","12.0854957","Teublitz","Německo"
"F-2207","50.3206779","17.5742264","Prudnik","Polsko"
"F-2208","49.9829811","18.2684612","Krzyźanowice","Polsko"
"F-2209","50.6669191","21.8403117","Gorzyce","Polsko"
"F-2211","48.8503495","18.0184697","Trenčanská Turná","Slovensko"
"F-2213","49.541866","12.163052","Wernberg-Köblitz","Německo"
"F-2214","49.6474338","12.4082059","Pleystein","Německo"
"F-2216","51.76623","20.25623","Rawa Mazowiecka","Polsko"
"F-2217","48.2192418","18.6065015","Levice","Slovensko"
"F-2218","50.667325","3.619152","Frasnes-lez-Anvaing","Belgie"
"F-2220","43.327037","10.627037","Montescudaio","Itálie"
"F-2221","47.5975105","19.3480017","Gödölló","Maďarsko"
"F-2222","48.89091","26.849582","Dunajevec","Ukrajina"
"F-2224","51.65","39.2","Voroněž","Rusko"
"F-2225","48.2081743","16.3738189","Vídeň","Rakousko"
"F-2226","52.0901422","5.1096649","Utrecht","Nizozemsko"
"F-2227","48.7754181","9.1817588","Stuttgart","Německo"
"F-2228","48.20353","15.63817","St. Poelten","Rakousko"
"F-2229","48.113475","-1.675708","Rennes","Francie"
"F-2230","52.406374","16.9251681","Poznaň","Polsko"
"F-2231","55.75","37.6166667","Moskva","Rusko"
"F-2232","51.3490384","12.3938226","Lipsko","Německo"
"F-2233","53.801279","-1.548567","Leeds","Velká Británie"
"F-2234","54.8968721","23.8924264","Kaunas","Litva"
"F-2235","49.9935","36.230383","Charkov","Ukrajina"
"F-2236","32.6425241","-96.8284343","Dallas","Spojené státy americké"
"F-2238","47.7987129","18.7204192","Štúrovo","Slovensko"
"F-2239","55.9124675","21.8459995","Plungé","Litva"
"F-2240","50.670428","17.9244381","Opole","Polsko"
"F-2241","44.5115475","10.7306576","Castellarano","Itálie"
"F-2242","50.2862963","9.1113838","Büdingen","Německo"
"F-2244","48.6108","16.43466","Zwentendorf","Rakousko"
"F-2245","48.3735186","17.5951127","Trnava","Slovensko"
"F-2246","41.4734263","13.1817159","Priverno","Itálie"
"F-2249","48.6651056","17.5401902","Brezová pod Bradlom","Slovensko"
"F-2250","49.8548934","19.3412842","Andrychóv","Polsko"
"F-2252","52.967729","12.983361","Lindow - Mark","Německo"
"F-2254","48.8903354","21.6829836","Vranov nad Toplou","Slovensko"
"F-2255","50.8173491","12.3906771","Crimmitchau","Německo"
"F-2257","47.398435","-0.537242","Murs-Erigné","Francie"
"F-2258","51.9411082","11.4281059","Egeln","Německo"
"F-2261","49.5576543","16.4211632","Olesnice- okres nikoli město","Polsko"
"F-2262","50.4305778","18.1872243","Lešnica","Polsko"
"F-2263","49.7811081","9.9861364","Gerbrunn","Německo"
"F-2265","50.4039735","16.5073008","Miasto i Gmina Polanica Zdroj","Polsko"
"F-2268","49.0600164","20.2071213","Svit","Slovensko"
"F-2269","50.9459276","17.2924017","Olawa","Polsko"
"F-2270","45.5755478","9.351072","Agrate Brianza","Itálie"
"F-2272","50.6076846","10.6881255","Suhl","Německo"
"F-2273","48.5667364","13.4319466","Pasov","Německo"
"F-2274","48.3098916","18.0858758","Nitra","Slovensko"
"F-2275","47.7482524","-3.3702449","Lorient","Francie"
"F-2276","48.30694","14.28583","Linec","Rakousko"
"F-2278","48.00334","13.65613","Vöcklabruck","Rakousko"
"F-2279","46.5111299","15.0803219","Slovenj Gradec","Slovinsko"
"F-2280","43.4703333","11.0437592","San Gimignano","Itálie"
"F-2281","25.790654","-80.1300455","Miami Beach","Spojené státy americké"
"F-2283","49.0441667","24.3597222","Kaluš","Ukrajina"
"F-2284","48.652865","13.6255062","Hauzenberg","Německo"
"F-2286","48.6628294","20.533863","Rožňava","Slovensko"
"F-2287","49.7497638","18.6354709","Cieszyn","Polsko"
"F-2290","48.79184","15.40474","Gross-Siegharts","Rakousko"
"F-2292","49.081876","19.3077347","Ružomberk","Slovensko"
"F-2294","50.9527757","13.9381737","Pirna","Německo"
"F-2295","55.0728562","24.2791208","Jonava","Litva"
"F-2297","50.5046222","16.3972702","Radków","Polsko"
"F-2298","50.6828036","16.7434759","Pilawa Górna","Polsko"
"F-2299","51.6551687","16.9564843","Miejska Górka","Polsko"
"F-2300","46.8110816","17.5644593","Abrahámhegy","Maďarsko"
"F-2302","48.9693145","12.1646501","Obertraubling","Německo"
"F-2303","45.906714","15.591668","Brežice","Slovinsko"
"F-2305","50.8422","14.7428","Oybin","Německo"
"F-2306","50.9245","16.10378","Bolków","Polsko"
"F-2308","48.621631","6.160576","Ludres","Francie"
"F-2309","49.3101132","12.8387951","Furth im Wald","Německo"
"F-2310","48.37391","15.61369","Furth bei Göttweig","Rakousko"
"F-2312","50.8083724","13.4121873","Mulda","Německo"
"F-2313","49.7019294","9.2559213","Miltenberg","Německo"
"F-2315","49.274228","2.517388","Verneuil en Halatte","Francie"
"F-2316","42.970225","12.085975","Piegaro","Itálie"
"F-2318","49.2195481","18.7412735","Žilina","Slovensko"
"F-2319","50.8","42.0166667","Urjupinsk","Rusko"
"F-2320","49.6089747","19.2130256","Powiat Zywiecki","Polsko"
"F-2321","37.968175","23.643535","Nikaia","Řecko"
"F-2322","50.2080466","19.1660513","Myslowice","Polsko"
"F-2323","44.495205","34.166301","Jalta, Krym","Ukrajina"
"F-2324","44.874722","18.4291","Gradačac","Bosna a Hercegovina"
"F-2326","42.02335","-93.625622","Ames, IOWA","Spojené státy americké"
"F-2328","50.6659","16.18882","Mieroszow","Polsko"
"F-2329","50.4888579","17.5989754","Korfantow","Polsko"
"F-2331","51.421098","9.9121688","Friedland-Niedersachsen","Německo"
"F-2332","52.1069816","14.2631577","Friedland-Brandenburg","Německo"
"F-2333","53.6702083","13.5566433","Friedland- Mecklenburg","Německo"
"F-2335","48.8636263","18.8633405","Turčianské Teplice","Slovensko"
"F-2336","58.8814809","25.5490263","Paide","Estonsko"
"F-2337","43.4440663","16.6921719","Omiš","Chorvatsko"
"F-2338","56.3108715","22.3480243","Mažeikiai","Litva"
"F-2339","49.9547281","18.574813","Jastrzebie-Zdrój","Polsko"
"F-2341","45.0777469","7.5703792","Collegno","Itálie"
"F-2343","48.419396","18.4124894","Topolčianky","Slovensko"
"F-2345","39.7473079","15.8374594","Santa Maria del Cedro","Itálie"
"F-2346","49.081876","19.3077347","Ružomberok","Slovensko"
"F-2347","51.262423","14.1586388","Nebelschűtz","Německo"
"F-2348","51.07588","17.72244","Namyslow","Polsko"
"F-2350","51.2879708","15.2299326","Wegliniec","Polsko"
"F-2352","48.5423","16.76059","Zistersdorf","Rakousko"
"F-2353","48.6296066","21.7197396","Trebišov","Slovensko"
"F-2354","51.571499","10.949238","Stolberg/Harz","Německo"
"F-2355","49.7445663","21.4722875","Jaslo","Polsko"
"F-2356","48.8081982","17.1624456","Holíč","Slovensko"
"F-2357","43.9584444","12.7386111","Cattolica","Itálie"
"F-2359","49.9857805","18.9477092","Psczyna","Polsko"
"F-2360","49.1173313","18.4483676","Považská Bystrica","Slovensko"
"F-2361","46.1483713","15.6682287","Desinič","Chorvatsko"
"F-2363","50.51092","18.29987","Strzelce Opolskie","Polsko"
"F-2364","48.6996956","20.8925063","Medzev","Slovensko"
"F-2367","49.4189241","11.8899655","Kümmersbruck","Německo"
"F-2369","46.7862262","7.6079043","Heimberg","Švýcarsko"
"F-2371","50.0400034","18.3943993","Pszów","Polsko"
"F-2373","50.5435667","12.0783298","Syrau","Německo"
"F-2374","50.3045979","19.3880198","Slawkow","Polsko"
"F-2375","50.0577948","12.1893693","Arzberg","Německo"
"F-2377","49.3613806","19.6139476","Trstená","Slovensko"
"F-2378","47.5602543","19.2834633","Kerepes","Maďarsko"
"F-2379","49.4794404","19.6937369","Jablonka","Polsko"
"F-2382","49.6861354","8.6187296","Bensheim","Německo"
"F-2384","51.1078852","17.0385376","Wroclaw","Polsko"
"F-2385","50.7840092","16.2843553","Walbrzych","Polsko"
"F-2386","49.119666","6.176905","Metz","Francie"
"F-2387","43.5539997","16.3655","Kaštela","Chorvatsko"
"F-2388","50.5871416","8.6909259","Giessen","Německo"
"F-2389","51.4982","31.28935","Černihiv","Ukrajina"
"F-2390","48.736277","19.1461917","Banská Bystrica","Slovensko"
"F-2391","51.9851034","5.8987296","Arnhem","Nizozemsko"
"F-2392","44.9132168","8.6169507","Alessandria","Itálie"
"F-2394","52.0825908","4.3963503","Leidschendam-Voorburg","Nizozemsko"
"F-2395","52.0938717","21.117722","Konstancin-Jeziorna","Polsko"
"F-2396","48.4248462","17.8040044","Hlohovec","Slovensko"
"F-2398","50.4427156","16.2426605","Kudowa Zdroj","Polsko"
"F-2399","50.6907986","16.6229286","Bielawa","Polsko"
"F-2403","52.0057368","6.0279594","Rheden","Nizozemsko"
"F-2404","57.9166667","59.9666667","Nižní Tagil","Rusko"
"F-2405","50.3135391","11.9127814","Hof","Německo"
"F-2407","48.815052","19.5744054","Valaská","Slovensko"
"F-2409","49.5651125","9.7003795","Lauda-Königshofen","Německo"
"F-2410","51.797014","11.73421","Bernburg","Německo"
"F-2411","44.404025","8.680979","Arenzano","Itálie"
"F-2412","50.578587","13.0075835","Annaberg-Buchholz","Německo"
"F-2414","51.1095792","15.5905136","Lwówek Śląski","Polsko"
"F-2415","48.8912508","11.189986","Eichstätt","Německo"
"F-2417","49.3062472","21.5683369","Svidník","Slovensko"
"F-2418","51.2134346","17.3898504","Olešnica","Polsko"
"F-2419","52.0436111","5.6666667","Ede","Nizozemsko"
"F-2421","48.2749212","17.0318863","Stupava","Slovensko"
"F-2422","45.641437","0.192981","Soyaux","Francie"
"F-2423","48.2045764","17.6424312","Sládkovičovo","Slovensko"
"F-2424","46.3437099","14.1718453","Radovljica","Slovinsko"
"F-2426","50.7102169","12.4733725","Zwickau","Německo"
"F-2427","47.8830175","10.625966","Kaufbeuren","Německo"
"F-2428","50.9044171","15.7193616","Jelení Hora","Polsko"
"F-2429","51.177515","14.4334217","Budyšín","Německo"
"F-2431","50.3264314","19.0295714","Siemianowice Śląskie","Polsko"
"F-2432","50.4919804","18.0199044","Gogolin","Polsko"
"F-2434","49.1908773","12.9942284","Arrach","Německo"
"F-2436","50.5983","17.03888","Ziębice","Polsko"
"F-2438","50.44459","16.87578","Zloty Stok","Polsko"
"F-2439","50.4660686","17.1733617","Otmuchów","Polsko"
"F-2441","54.0498","21.1458","Reszel","Polsko"
"F-2442","48.84812","15.4918","Raabs an der Thaya","Rakousko"
"F-2445","50.4809563","17.335461","Nysa","Polsko"
"F-2446","48.7302674","11.1887693","Neuburg an der Donau","Německo"
"F-2447","50.31512","17.38347","Glucholazy","Polsko"
"F-2448","48.7787533","18.5829538","Bojnice","Slovensko"
"F-2452","48.3273294","9.8926673","Erbach","Německo"
"F-2454","48.6208","22.287883","Užhorod","Ukrajina"
"F-2455","52.5143815","4.9640611","Purmerend","Nizozemsko"
"F-2456","48.6835077","10.1544437","Heidenheim","Německo"
"F-2458","41.947037","16.0134909","Peschici","Itálie"
"F-2459","48.6394255","9.0181128","Holzgerlingen","Německo"
"F-2461","48.6058022","15.1662133","Zwettl","Rakousko"
"F-2462","49.3866401","8.802281","Neckargemünd","Německo"
"F-2464","50.8666883","13.3236602","Brand-Erbisdorf","Německo"
"F-2466","50.733333","4.233333","Halle","Belgie"
"F-2467","50.5873296","12.699016","Aue","Německo"
"F-2469","48.35961","14.89969","St. Georgen am Walde","Rakousko"
"F-2470","52.01327","16.52708","Śmigiel","Polsko"
"F-2474","43.874537","10.2568888","Viareggio","Itálie"
"F-2475","57.107118","12.2520907","Varberg","Švédsko"
"F-2476","46.1679583","8.7889791","Locarno","Švýcarsko"
"F-2477","35.0131341","135.959936","Kusatsu","Japonsko"
"F-2478","41.4929005","13.8305659","Cassino","Itálie"
"F-2479","33.1580933","-117.3505939","Carlsbad","Spojené státy americké"
"F-2480","49.9197888","7.0626677","Bernkastel-Kues","Německo"
"F-2481","48.76564","8.2285242","Baden-Baden","Německo"
"F-2483","49.2982047","12.9150633","Eschlkam","Německo"
"F-2485","50.6286597","13.1200959","Grossrückerswalde","Německo"
"F-2486","52.2131825","5.2864096","Baarn","Nizozemsko"
"F-2488","46.836429","5.7091","Poligny","Francie"
"F-2489","56.45","60.1833333","Polevskoj","Rusko"
"F-2490","49.2238643","12.6620845","Cham","Německo"
"F-2491","52.512383","4.674997","Heemskerk","Nizozemsko"
"F-2493","50.8498434","16.475679","Swidnica","Polsko"
"F-2495","50.6320683","12.8095151","Zwönitz","Německo"
"F-2496","48.776731","2.001844","Trappes","Francie"
"F-2497","50.5706845","19.3144637","Myszków","Polsko"
"F-2498","53.162856","-2.218923","Congleton","Velká Británie"
"F-2499","43.1281296","12.0462592","Castiglione del Lago","Itálie"
"F-2501","50.65","11.9833333","Zeulenroda-Triebes","Německo"
"F-2502","48.7504728","17.5651643","Myjava","Slovensko"
"F-2504","44.75423","19.699751","Sabac","Srbsko"
"F-2505","52.6320478","13.2011404","Henningsdorf","Německo"
"F-2506","42.48343","3.128874","Banyuls sur Mer","Francie"
"F-2508","50.370718","12.4681708","Klingenthal","Německo"
"F-2510","50.58846","19.06019","Wozniky","Polsko"
"F-2511","49.0879716","19.351319","Lisková","Slovensko"
"F-2513","64.2823274","-135","Yukon","Spojené státy americké"
"F-2514","45.233131","5.681538","Saint-Egréve","Francie"
"F-2515","49.0896182","18.6332053","Rajec","Slovensko"
"F-2516","38.057269","23.790543","Pefki","Řecko"
"F-2517","52.1792836","21.5721057","Minsk Mazowiecki","Polsko"
"F-2518","50.2303566","8.7736533","Karben","Německo"
"F-2519","50.20027","17.8287","Glubczyce","Polsko"
"F-2521","45.1047222","24.3755556","Ramnicu Valcea","Rumunsko"
"F-2522","50.3789108","18.9270475","Piekary Slaskie","Polsko"
"F-2523","48.40999","15.60384","Krems an der Donau","Rakousko"
"F-2524","48.070369","1.327696","Chateaudun","Francie"
"F-2526","48.4470195","17.7642099","Leopoldov","Slovensko"
"F-2528","50.4359468","18.8460247","Tarnowskie Góry","Polsko"
"F-2529","41.0534302","-73.5387341","Stamford Twinning Association","Velká Británie"
"F-2530","55.442952","11.791372","Ringsted","Dánsko"
"F-2531","49.258329","4.031696","Remeš","Francie"
"F-2532","48.7051133","18.9159319","Kremnica","Slovensko"
"F-2533","48.6833333","26.5833333","Kamenec Podolský","Ukrajina"
"F-2534","44.865102","10.061731","Fidenza","Itálie"
"F-2535","47.9031987","20.3731077","Eger","Maďarsko"
"F-2536","5.958647","10.14751","Bamenda","Kamerun"
"F-2538","49.617779","0.755212","Yvetot","Francie"
"F-2539","43.9945025","10.2275101","Seravezza","Itálie"
"F-2540","48.56911","16.07764","Hollabrunn","Rakousko"
"F-2541","43.9378311","15.4444164","Biograd na Moru","Chorvatsko"
"F-2543","50.0612012","11.60227","Himmelkron","Německo"
"F-2545","52.5103662","21.0691044","Serock","Polsko"
"F-2546","49.1373227","20.4295429","Kežmarok","Slovensko"
"F-2547","50.7308605","16.6567892","Dzierzoniów","Polsko"
"F-2548","42.6489074","12.2043888","Castiglione in Teverina","Itálie"
"F-2550","50.7197493","16.8357165","Niemcza","Polsko"
"F-2551","47.24383","8.53383","Hausen am Albis","Švýcarsko"
"F-2553","51.1617842","13.4976592","Meissen","Německo"
"F-2554","50.5558095","9.6808449","Fulda","Německo"
"F-2555","8.6253193","123.3945709","Dapitan","Filipíny"
"F-2556","14.1876712","121.1250825","Calamba","Filipíny"
"F-2557","50.691652","2.884218","Armentieres","Francie"
"F-2559","53.138874","6.429725","Noordenveld - Roden","Nizozemsko"
"F-2561","49.0260192","20.5888751","Levoča","Slovensko"
"F-2563","49.9870619","20.0647971","Wieliczka","Polsko"
"F-2564","48.6835829","20.1143883","Revúca","Slovensko"
"F-2565","50.1790184","18.9038037","Mikolow","Polsko"
"F-2566","47.0507712","8.2648094","Littau","Švýcarsko"
"F-2568","50.6568727","13.3411267","Olbernhau","Německo"
"F-2569","48.6912267","2.6103697","Brie-Comte-Robert","Francie"
"F-2571","48.2253313","10.1012701","Illertissen","Německo"
"F-2573","50.7501486","13.0729289","Zschopau","Německo"
"F-2574","48.377846","2.7951609","Veneux - Les Sablons","Francie"
"F-2575","48.3298602","19.6637354","Lučenec","Slovensko"
"F-2576","51.854654","4.535238","Barendrecht","Nizozemsko"
"F-2578","49.719657","18.8120576","Ustroň","Polsko"
"F-2579","48.5584441","18.171697","Topolčany","Slovensko"
"F-2580","48.5892019","17.834105","Piešťany","Slovensko"
"F-2582","49.6743636","12.1489337","Weiden","Německo"
"F-2583","48.642446","2.2298809","Marcoussis","Francie"
"F-2584","43.0450185","11.8134444","Chianciano","Itálie"
"F-2585","50.225361","8.620276","Bad Homburg","Německo"
"F-2587","47.3263066","8.7997303","Wetzikon","Švýcarsko"
"F-2588","41.5227609","23.3927569","Sandanski - Melnik","Bulharsko"
"F-2589","50.0587","22.49377","Przeworsk","Polsko"
"F-2590","52.752674","13.2394519","Oranienburg","Německo"
"F-2592","50.636153","17.8262075","Komprachtice","Polsko"
"F-2593","49.8223768","19.0583845","Biala","Polsko"
"F-2595","48.43552","14.78529","Unterweissenbach","Rakousko"
"F-2596","47.0214931","7.4468409","Münchenbuchsee","Švýcarsko"
"F-2597","47.966038","-1.796747","Guichen","Francie"
"F-2599","51.1259316","15.9213852","Zlotoryia","Polsko"
"F-2600","50.4166667","12.1666667","Oelzsnitz","Německo"
"F-2601","48.4261502","18.6365627","Nová Baňa","Slovensko"
"F-2603","48.2543374","17.2119074","Svaty Jur","Slovensko"
"F-2605","46.9554","7.33709","Frauenkappelen","Švýcarsko"
"F-2607","43.6561359","11.449096","Incisa in Val d´Arno","Itálie"
"F-2608","49.9522194","8.6389773","Erzhausen","Německo"
"F-2610","50.0491414","18.4768769","Radlin","Polsko"
"F-2612","51.907951","4.336366","Vlaardingen","Nizozemsko"
"F-2613","51.35","9.5997222","Stauffenberg","Německo"
"F-2614","48.4586529","18.8930346","Banská Štiavnica","Slovensko"
"F-2616","52.697361","6.197334","Meppel","Nizozemsko"
"F-2617","50.6503661","13.1622883","Marienberg","Německo"
"F-2619","49.2712185","21.9035368","Medzilaborce","Slovensko"
"F-2621","49.1223045","20.2672025","Nová Lesná","Slovensko"
"F-2623","49.6473215","18.867739","Wisla","Polsko"
"F-2624","51.231059","6.037361","Swalmen (Roermond)","Nizozemsko"
"F-2625","46.3678333","11.0776666","Sanzeno","Itálie"
"F-2626","48.3542872","19.0668757","Krupina","Slovensko"
"F-2627","49.869025","11.8888884","Kemnath","Německo"
"F-2629","55.5254221","25.1037901","Anyksciai","Litva"
"F-2631","51.1129963","13.9142216","Radeberg","Německo"
"F-2633","48.86571","15.12025","Heidenreichstein","Rakousko"
"F-2635","48.70073","14.89717","Weitra","Rakousko"
"F-2636","50.148862","2.906806","Vaulx-Vraucourt","Francie"
"F-2638","46.2875185","11.567037","Ziano di Fiemme","Itálie"
"F-2639","51.387577","5.448807","Waalre","Nizozemsko"
"F-2645","53.395794","-2.571767","Warrington","Velká Británie"
"F-2646","51.1678567","6.9352253","Hilden","Německo"
"F-2647","50.404284","16.3904407","Duszniki Zdrój","Polsko"
"F-2649","50.9087219","15.3431045","Świeradów-Zdrój","Polsko"
"F-2650","50.9704636","15.3858774","Mirsk","Polsko"
"F-2651","51.8419861","16.5937545","Leśna","Polsko"
"F-2653","51.4177778","57.5833333","Mednogorsk","Rusko"
"F-2656","46.170448","20.759769","Nadlac","Rumunsko"
"F-2657","45.4812777","7.9067222","Cascinette d´ Ivrea","Itálie"
"F-2658","48.806356","19.6438876","Brezno","Slovensko"
"F-2660","50.2964328","18.9171297","Switochlovice","Polsko"
"F-2661","44.8439074","10.7286111","Novellara","Itálie"
"F-2662","48.8940624","9.195464","Ludwigsburg","Německo"
"F-2663","51.1506269","14.968707","Görlitz","Německo"
"F-2664","48.172402","6.449403","Epinal","Francie"
"F-2666","48.914523","8.7846845","Niefern-Öschelbronn","Německo"
"F-2667","50.20009","18.31153","Kuznia Raciborská","Polsko"
"F-2669","52.0263009","5.5544309","Veenendaal","Nizozemsko"
"F-2670","61.49816","23.7610554","Tampere","Finsko"
"F-2671","46.1002778","19.6655556","Subotica","Srbsko"
"F-2672","46.0713242","18.2331772","Pécs","Maďarsko"
"F-2673","37.7719074","-87.1111676","Owensboro","Spojené státy americké"
"F-2674","48.850178","10.4981249","Noerdligen","Německo"
"F-2675","47.0503348","8.3156129","Luzern","Švýcarsko"
"F-2676","48.759255","2.302553","Antony","Francie"
"F-2678","49.6912999","19.1823983","Zywiec","Polsko"
"F-2679","36.0834857","140.0766423","Tsukuba","Japonsko"
"F-2680","49.1317196","11.1239136","Roth","Německo"
"F-2681","50.0971137","18.209238","Raciborz","Polsko"
"F-2682","49.0829818","19.6122332","Liptovský Mikuláš","Slovensko"
"F-2683","50.2648919","19.0237815","Katovice","Polsko"
"F-2685","50.057879","18.4173822","Rydultowy","Polsko"
"F-2686","47.42056","8.70168","Illnau-Effretikon","Švýcarsko"
"F-2687","49.9016056","18.9917676","Czechowice-Dziedzice","Polsko"
"F-2688","45.1731546","14.6910842","Crikvenica","Chorvatsko"
"F-2690","50.7195979","13.1926299","Lengefeld","Německo"
"F-2691","50.8012443","13.5372311","Frauenstein","Německo"
"F-2693","44.2998749","15.0871972","Vir","Chorvatsko"
"F-2694","51.3944697","12.2240071","Schkeuditz","Německo"
"F-2696","50.5711344","18.1557731","Izbicko","Polsko"
"F-2698","48.7","44.5166667","Volgograd","Rusko"
"F-2699","51.2333333","51.3666667","Uralsk","Kazachstán"
"F-2700","43.5069502","16.4423974","Split","Chorvatsko"
"F-2701","40.4406248","-79.9958864","Pittsburgh","Spojené státy americké"
"F-2702","48.1043854","20.7913563","Miskolc","Maďarsko"
"F-2703","48.7209956","21.2577477","Košice","Slovensko"
"F-2704","50.2648919","19.0237815","Katowice","Polsko"
"F-2705","51.0305106","13.7572182","Drážďany","Německo"
"F-2706","48.015883","37.80285","Doněck","Ukrajina"
"F-2707","52.406822","-1.519693","Coventry","Velká Británie"
"F-2709","50.0403014","12.0050376","Wunsiedel","Německo"
"F-2710","48.8590879","8.2095756","Rastatt","Německo"
"F-2712","50.60435","18.48514","Zawadzkie","Polsko"
"F-2713","48.9599393","18.1743223","Dubnica nad Váhom","Slovensko"
"F-2715","47.318","8.42151","Arni","Švýcarsko"
"F-2717","64.750244","20.950917","Skelleftea","Švédsko"
"F-2718","52.017","11.75","Schönebeck","Německo"
"F-2719","50.171311","12.1339323","Selb","Německo"
"F-2720","43.405624","10.473952","Rosignano Marittiomo","Itálie"
"F-2721","46.6691035","11.1639856","Merano","Itálie"
"F-2722","51.9646995","6.2937736","Doetinchem","Nizozemsko"
"F-2725","48.17533","14.52485","Sankt Valentin","Rakousko"
"F-2726","49.2090236","19.2953678","Dolný Kubín","Slovensko"
"F-2728","50.5589802","8.5081646","Wetzlar","Německo"
"F-2729","56.54694","8.30277","Lemvig","Dánsko"
"F-2730","48.8408515","12.9574787","Deggendorf","Německo"
"F-2731","51.578829","-3.218134","Caerphilly","Velká Británie"
"F-2733","49.8817161","12.3303441","Tirschenreuth","Německo"
"F-2735","49.2628203","12.7631151","Weiding","Německo"
"F-2736","46.8992741","7.5453648","Rubigen","Švýcarsko"
"F-2738","47.49995","8.7375646","Winterthur","Švýcarsko"
"F-2739","36.3219088","139.0032936","Takasaki","Japonsko"
"F-2740","49.0145423","12.1008559","Regensburg","Německo"
"F-2741","45.833619","1.261105","Limoges","Francie"
"F-2742","50.6325574","5.5796662","Liege","Belgie"
"F-2743","33.5206608","-86.80249","Birmingham","Spojené státy americké"
"F-2745","49.5114532","12.5473666","Schönsee","Německo"
"F-2746","47.0218071","7.2722348","Radelfingen","Švýcarsko"
"F-2748","49.3661789","19.41069","Lokca","Slovensko"
"F-2749","46.8796457","7.6211493","Konolfingen","Švýcarsko"
"F-2751","50.6777242","19.2149093","Poraj","Polsko"
"F-2753","52.8577076","6.2960104","Westerveld","Nizozemsko"
"F-2754","47.36081","9.68671","Hohenems","Rakousko"
"F-2755","47.470517","21.4904329","Ebes","Maďarsko"
"F-2757","48.5758623","19.1256291","Zvolen","Slovensko"
"F-2758","48.72837","13.60219","Waldkirchen","Německo"
"F-2759","53.09999999999999","30.049999999999955","Rogachev","Bělorusko"
"F-2760","48.24126","14.51419","Mauthausen","Rakousko"
"F-2761","43.685975","11.254211","Impruneta","Itálie"
"F-2762","55.342796","26.1647776","Ignalina","Litva"
"F-2763","48.7975902","13.6535125","Grainet","Německo"
"F-2764","44.172161","11.9478983","Castrocaro terme e Terra del Sole","Itálie"
"F-2766","49.141722","20.218722","Vysoké Tatry","Slovensko"
"F-2767","52.22908","17.27607","Šróda","Polsko"
"F-2768","51.4388605","14.2536419","Hoyerswerda","Německo"
"F-2770","50.6787","18.21379","Ozimek","Polsko"
"F-2771","50.3498805","18.2261844","Kedzierzyn-Kozle","Polsko"
"F-2772","48.922633","24.711117","Ivano-Frankivsk","Ukrajina"
"F-2774","51.728281","5.877145","Cuijk","Nizozemsko"
"F-2775","49.2946849","21.2764409","Bardějov","Slovensko"
"F-2777","45.88943","10.7292209","Valle di Ledro","Itálie"
"F-2778","52.645505","5.057526","Hoorn","Nizozemsko"
"F-2779","50.9128283","13.341727","Freiberg","Německo"
"F-2780","55.1333333","37.4666667","Čechov","Rusko"
"F-2781","49.9916399","4.101883","Anor","Francie"
"F-2782","48.2246432","12.6767839","Altötting","Německo"
"F-2784","48.6171747","19.1383558","Sliač","Slovensko"
"F-2785","51.7521696","5.8962161","Mook en Middelaar","Nizozemsko"
"F-2787","48.4239696","21.9782824","Královský Chlmec","Slovensko"
"F-2788","52.0816122","16.6385474","Koscian","Polsko"
"F-2789","55.9166667","36.8666667","Istra","Rusko"
"F-2790","50.0172906","8.7869609","Dietzenbach","Německo"
"F-2792","49.0045931","8.5277146","Pfinztal","Německo"
"F-2793","50.6585555","12.2077126","Greiz","Německo"
"F-2795","50.95167","15.92209","Wojcieszow","Polsko"
"F-2797","57.6274369","25.6837093","Strenči","Lotyšsko"
"F-2798","45.5705109","9.0288777","Lainate","Itálie"
"F-2800","45.6767619","0.219218","Ruelle sur Touvre","Francie"
"F-2801","51.8322023","12.1833351","Dessau-Rosslau","Německo"
"F-2803","48.7294246","17.4463955","Podbranč","Slovensko"
"F-2804","47.3609169","18.9879806","Halásztelek","Maďarsko"
"F-2805","46.0770529","9.3057865","Dervio","Itálie"
"F-2807","52.0887","17.01506","Śrem","Polsko"
"F-2808","47.011113","16.6057156","Körmend","Maďarsko"
"F-2809","52.8092281","9.9641638","Bergen","Německo"
"F-2811","51.5111872","16.2634363","Rudna","Polsko"
"F-2813","50.5019846","9.1234184","Schotten","Německo"
"F-2814","48.9116025","20.8741342","Krompachy","Slovensko"
"F-2816","51.361047","1.024256","Whitstable","Velká Británie"
"F-2817","57.65","12.016667","Mölndal","Švédsko"
"F-2818","53.2847817","11.5623567","Grabow","Německo"
"F-2819","49.353976","0.075122","Daiville","Francie"
"F-2820","51.8482714","6.8594477","Borken","Německo"
"F-2821","55.659616","12.357064","Albertslund","Dánsko"
"F-2823","49.027441","2.223507","Taverny","Francie"
"F-2825","46.752","7.57258","Thierachern","Švýcarsko"
"F-2827","48.7441905","18.3378413","Uhrovec","Slovensko"
"F-2828","48.991887","18.1011014","Horné Srnie","Slovensko"
"F-2830","50.3045979","19.3880198","Slawków","Polsko"
"F-2831","48.66607","15.65716","Horn","Rakousko"
"F-2832","48.0850099","6.047253","Darney","Francie"
"F-2833","52.0787082","5.3148079","Austerlitz","Nizozemsko"
"F-2835","49.0018008","22.2291071","Stakčín","Slovensko"
"F-2836","48.91517","15.32198","Dobersberg","Rakousko"
"F-2838","49.1028212","21.097855","Mesto Sabinov","Slovensko"
"F-2840","49.3198883","12.1091352","Schwandorf","Německo"
"F-2841","50.6492736","11.3661502","Saalfeld","Německo"
"F-2843","47.1806632","7.3689051","Lengnau","Švýcarsko"
"F-2844","53.716157","-1.85846","Calderdale","Velká Británie"
"F-2845","50.8083578","10.2348249","Bad Salzungen","Německo"
"F-2847","48.8460561","17.2278639","Skalica","Slovensko"
"F-2848","38.8335874","20.7073527","Lefkada","Řecko"
"F-2850","49.6215915","12.3413835","Vohenstraus","Německo"
"F-2851","46.721247","-0.588834","Moncoutant","Francie"
"F-2852","43.8448675","13.0168824","Fano","Itálie"
"F-2853","49.0670187","10.3259395","Dinkelsbühl","Německo"
"F-2855","49.1166864","19.036836","Turany","Slovensko"
"F-2858","48.86492","15.0122","Brand-Nagelberg","Rakousko"
"F-2861","49.176803","12.8517439","Stadt Bad Kötzting","Německo"
"F-2862","49.0758074","12.1988658","Gemeinde Wenzenbach","Německo"
"F-2863","46.7733151","7.5741788","Gemeinde Uetendorf","Švýcarsko"
"F-2866","51.294469","22.147076","Wawolnica","Polsko"
"F-2867","46.1113296","12.899138","Spilimbergo","Itálie"
"F-2869","48.5882665","18.8493777","Žiar nad Hronom","Slovensko"
"F-2871","48.7729271","18.6221523","Prievidza","Slovensko"
"F-2872","55.4833333","28.8","Polotsk","Bělorusko"
"F-2874","52.1416553","5.0456679","Maarsen","Nizozemsko"
"F-2875","47.96312","16.40237","Ebreichsdorf","Rakousko"
"F-2876","50.8701345","9.7019675","Bad Hersfeld","Německo"
"F-2878","48.16542","14.03664","Wels","Rakousko"
"F-2879","46.1655408","14.3066077","Škofja Loka","Slovinsko"
"F-2880","37.8771476","-122.1796888","Orinda","Spojené státy americké"
"F-2881","47.9860672","18.1640649","Nové Zámky","Slovensko"
"F-2882","47.6779496","9.1732384","Kostnice","Německo"
"F-2883","47.09534","5.49081","Dole","Francie"
"F-2885","50.8586311","11.7301446","Statroda","Německo"
"F-2886","49.8096722","12.4377581","Barnau","Německo"
"F-2888","51.3829525","14.2420859","Wittichenau","Německo"
"F-2889","51.0126464","15.510661","Lubomerz","Polsko"
"F-2890","50.7506214","8.0814499","Burbach","Německo"
"F-2892","48.8152288","15.2868771","Waidhofen an der Thaya","Rakousko"
"F-2893","48.1514404","17.8757207","Šala","Slovensko"
"F-2895","51.35412","19.88512","Sulejow","Polsko"
"F-2896","48.2861682","17.7337667","Sereď","Slovensko"
"F-2897","48.6125537","21.0008755","Moldava nad Bodvou","Slovensko"
"F-2899","49.7915953","9.9535715","Würzburg","Německo"
"F-2902","50.7812167","17.0646124","Strzelin","Polsko"
"F-2904","48.6765247","17.3639576","Senica","Slovensko"
"F-2906","51.2761574","9.5463023","Lohfelden","Německo"
"F-2908","51.2781356","17.9890591","Kepno","Polsko"
"F-2910","50.7852076","16.0237177","Kamienna Góra","Polsko"
"F-2912","51.3006128","13.1059825","Oschatz","Německo"
"F-2913","48.0188","15.5977","Lilienfeld","Rakousko"
"F-2914","48.9338752","21.9107213","Humenné","Slovensko"
"F-2916","55.4982318","25.5967063","Utena","Litva"
"F-2917","48.79368","15.06616","Schrems","Rakousko"
"F-2918","46.6859853","7.8673189","Interlaken","Švýcarsko"
"F-2919","55.8604812","9.84069","Horsens","Dánsko"
"F-2921","50.50505","16.74043","Gmina Bardo","Polsko"
"F-2923","48.7471525","19.6560117","Čierny Balog","Slovensko"
"F-2925","50.3279651","7.2272626","Mayen","Německo"
"F-2926","49.6824761","21.7660531","Krosno","Polsko"
"F-2929","48.7574636","17.8311926","Nové Mesto nad Váhom","Slovensko"
"F-2930","52.29839","5.159079","Naarden","Nizozemsko"
"F-2932","48.9332226","18.1179424","Trenčanská Teplá","Slovensko"
"F-2934","41.5262777","13.1561111","Roccagorga","Itálie"
"F-2935","50.1425364","19.1310538","Ledziny","Polsko"
"F-2936","48.6305118","20.2355264","Jelšava","Slovensko"
"F-2938","50.84956","15.59851","Piechwice","Polsko"
"F-2939","47.25779","7.66474","Oberbip","Švýcarsko"
"F-2941","48.9925391","20.2426334","Spišské Bystré","Slovensko"
"F-2943","43.0265081","25.1036402","Sevlievo","Bulharsko"
"F-2944","49.4379367","18.7897011","Čadca","Slovensko"
"F-2945","43.888908","20.35038","Čačak","Srbsko"
"F-2946","52.2737893","5.1663871","Bussum","Nizozemsko"
"F-2947","42.2880556","18.8425","Budva","Černá Hora"
"F-2949","50.9352877","14.6074418","Seifhennersdorf","Německo"
"F-2950","51.0962292","14.6701781","Löbau","Německo"
"F-2951","50.8937654","14.6629689","Grossschönau","Německo"
"F-2953","45.2829814","9.2975185","Torrevecchia Pia","Itálie"
"F-2954","49.0273699","21.5036663","Hanušovice nad Ťoplou","Slovensko"
"F-2956","54.20801","19.11753","Nowy Dwór Gdański","Polsko"
"F-2958","60.5099434","14.2253417","Vansbro","Švédsko"
"F-2959","42.949505","13.878117","San Benedetto del Tronto","Itálie"
"F-2960","44.647115","10.9251857","Modena","Itálie"
"F-2962","43.1845583","16.6011191","Stari Grad","Chorvatsko"
"F-2963","46.1552257","14.9986159","Kotrëdež","Slovinsko"
"F-2964","51.768921","10.80635","Elbingerode","Německo"
"F-2966","52.8493847","17.719477","Žnin","Polsko"
"F-2967","48.4363404","17.0182641","Malacky","Slovensko"
"F-2968","44.5114074","11.131574","Crespellano","Itálie"
"F-2970","48.8081367","13.5484264","Freyung","Německo"
"F-2972","48.6213421","17.7236942","Vrbové","Slovensko"
"F-2973","50.56501","18.88256","Kalety","Polsko"
"F-2977","48.34642","14.50994","Wartberg ob der Aist","Rakousko"
"F-2978","52.65088","16.07973","Sieraków nad Warta","Polsko"
"F-2979","49.2611579","19.35789","Oravský Podzámok","Slovensko"
"F-2980","47.501673","18.0269161","Kisbér","Maďarsko"
"F-2982","48.5690117","13.086888","Aidenbach","Německo"
"F-2984","49.366289","0.082808","Trouville sur Mer","Francie"
"F-2985","50.79171","15.83665","Kowary","Polsko"
"F-2986","51.2537283","9.4146","Baunatal","Německo"
"F-2988","43.2041031","17.3706578","Vrgorac","Chorvatsko"
"F-2989","48.9097495","18.1678255","Trenčianaské Teplice","Slovensko"
"F-2990","49.3022127","20.6905301","Stará Lubovňa","Slovensko"
"F-2991","48.08255","16.2869","Mödling","Rakousko"
"F-2992","50.3483816","18.9157175","Bytom","Polsko"
"F-2994","53.1460852","14.8924044","Pyrzyce","Polsko"
"F-2995","51.2774069","8.8709876","Korbach","Německo"
"F-2997","45.8334097","17.3837765","Virovitica","Chorvatsko"
"F-2998","48.7559954","21.9148577","Michalovce","Slovensko"
"F-2999","50.01612","22.67775","Jaroslaw","Polsko"
"F-3000","51.1229322","13.1167196","Doebeln","Německo"
"F-3002","48.50217","14.50201","Freistadt","Rakousko"
"F-3003","48.52272","14.29255","Bad Leonfelden","Rakousko"
"F-3005","49.6640025","10.0709014","Ochsenfurt","Německo"
"F-3006","48.7273912","18.7601382","Handlová","Slovensko"
"F-3010","54.07657","21.37504","Ketrzyn","Polsko"
"F-3012","48.8939462","18.0378496","Trenčín","Slovensko"
"F-3013","45.5358577","9.2388895","Sesto san Giovanni","Itálie"
"F-3014","45.044236","5.052735","Romans sur Isére","Francie"
"F-3015","50.8575662","12.7537198","Limbach Oberfrohna","Německo"
"F-3016","50.92019","3.214185","Izegem","Belgie"
"F-3017","50.2974884","18.9545728","Chorzów","Polsko"
"F-3018","53.2193835","6.5665018","Groningen","Nizozemsko"
"F-3019","50.9931202","12.4366572","Altenburg","Německo"
"F-3021","46.0486234","11.138924","Trento - Villazzzano","Itálie"
"F-3022","46.0670555","11.155","Trento -  Povo","Itálie"
"F-3023","51.557934","12.991583","Torgau","Německo"
"F-3024","50.9604662","16.3510375","Strzegom","Polsko"
"F-3025","48.75838","15.95505","Retz","Rakousko"
"F-3026","43.774638","11.440445","Pontassieve","Itálie"
"F-3027","52.3422025","5.6367423","Harderwijk","Nizozemsko"
"F-3028","48.1582936","17.1633484","Bratislava-Ružinov","Slovensko"
"F-3030","47.092967","17.913785","Vezsprém","Maďarsko"
"F-3031","51.5189796","13.996908","Senftenberg","Německo"
"F-3032","48.45221","15.54413","Senftenberg","Rakousko"
"F-3033","48.63264","2.312884","Saint Michel sur Orge","Francie"
"F-3034","45.5060682","-91.738225","Rice Lake","Spojené státy americké"
"F-3035","49.2940323","6.8931557","Püttlingen","Německo"
"F-3036","51.80344","15.71707","Nowa Sól","Polsko"
"F-3037","37.4410476","140.4925685","Miharu","Japonsko"
"F-3038","41.9754435","14.6628039","Fresagrandinaria","Itálie"
"F-3040","46.2519829","15.1649898","Žalec","Slovinsko"
"F-3041","50.6712877","12.9492562","Thum","Německo"
"F-3042","50.85","2.7166667","Poperinge","Belgie"
"F-3043","50.98411","23.17194","Krasnystaw","Polsko"
"F-3045","50.895434","12.3550615","Schmölln","Německo"
"F-3046","50.7367","3.73852","Flobecq","Belgie"
"F-3047","44.232967","4.933384","Cairanne","Francie"
"F-3049","48.5472222","22.9861111","Svaljava","Ukrajina"
"F-3050","48.64384","16.72141","Grosskrut","Rakousko"
"F-3051","48.7164972","17.1215546","Gbely","Slovensko"
"F-3053","52.076505","21.9310508","Debowiec","Polsko"
"F-3055","50.799108","13.1652132","Leubzdorf","Německo"
"F-3057","48.6969387","18.5956301","Lehota pod Vtáčnikom","Slovensko"
"F-3059","52.1088445","16.7015677","Stare Oborzyska, Gmina Koscian","Polsko"
"F-3061","48.8025907","17.8580768","Trenčianské Bohuslavice","Slovensko"
"F-3063","50.0763192","12.1265956","Markt Thiersheim","Německo"
"F-3065","46.8141","7.51152","Muhleturnen","Švýcarsko"
"F-3066","44.8850185","11.9778148","Jolanda di Savoia","Itálie"
"F-3068","48.7734213","17.2766969","Radošovce","Slovensko"
"F-3070","51.1336653","16.4118853","Wielke Janowice","Polsko"
"F-3072","48.8113","9.1588","Stuttgart-Feuerbach","Německo"
"F-3074","48.2386821","17.0348442","Záhorská Bystrica","Slovensko"
"F-3076","49.3346449","18.868144","LODNO","Slovensko"
"F-3078","50.5829349","11.9973162","Pausa","Německo"
"F-3080","48.47413","16.41645","Grossrussbach","Rakousko"
"F-3082","48.863302","18.0855723","Soblahov","Slovensko"
"F-3083","49.2571999","18.6562954","Horný Hričov","Slovensko"
"F-3085","48.21014","13.35859","Kirchheim im Innkreis","Rakousko"
"F-3086","58.1486756","24.9553321","Kilingi Nömme","Estonsko"
"F-3088","45.8964093","18.3902802","Palkonya","Maďarsko"
"F-3089","39.2098543","20.1581282","Paxos","Řecko"
"F-3090","43.4714074","11.6867222","Pergine Valdarno","Itálie"
"F-3091","43.4114574","-4.799866","Porrua","Španělsko"
"F-3092","51.962908","10.9556219","Schachdorf Ströbeck - Halberstadt","Německo"
"F-3093","55.320805","10.204504","Tommerup","Dánsko"
"F-3094","52.493681","4.597648","Wijk aan Zee","Nizozemsko"
"F-3096","44.9478451","21.3716513","Češko Selo","Srbsko"
"F-3097","44.9267","21.4725","Kruščica","Srbsko"
"F-3098","48.9622318","20.4722853","Spišské Tomášovce","Slovensko"
"F-3100","50.5963532","17.3823919","Gminy Skoroszyce","Polsko"
"F-3102","50.7758815","15.7555976","Karpacz","Polsko"
"F-3103","52.4574597","9.3944824","Grossenheidorn","Německo"
"F-3105","46.81939","7.54802","Kirchdorf","Švýcarsko"
"F-3107","50.341795","17.6925164","Olzsanka","Polsko"
"F-3109","49.8074548","18.6523444","Hažlach","Polsko"
"F-3111","50.8961761","14.8451047","Sieniawka","Polsko"
"F-3115","49.320804","19.6070432","Zábiedovo","Slovensko"
"F-3117","45.8956895","10.7178887","Comuni di Ledro","Itálie"
"F-3119","45.8436111","11.0101666","Rovereto, Marco","Itálie"
"F-3121","46.401343","-0.249778","Azay-Le-Brulé","Francie"
"F-3122","43.6409629","11.9859629","Caprese Michelangelo","Itálie"
"F-3124","48.3095222","17.2875633","Vinosady","Slovensko"
"F-3128","48.191062","17.3619336","Nová Dědina","Slovensko"
"F-3130","48.7317846","18.6212102","Sebedražie","Slovensko"
"F-3132","49.2000272","18.8693474","Varín","Slovensko"
"F-3134","48.637315","12.927712","Eichendorf - Reichstorf","Německo"
"F-3136","48.7559954","21.9148577","Mikroregion Michalovce","Slovensko"
"F-3138","50.7398253","18.0775901","Gmina Turawa","Polsko"
"F-3140","48.9467431","21.4249642","Zlatá Baňa","Slovensko"
"F-3142","49.1759826","18.258835","Mestečko","Slovensko"
"F-3144","51.02545","15.06215","Město Zawidów","Polsko"
"F-3146","50.944347","13.7589163","Kreischa","Německo"
"F-3148","49.0609548","19.3853421","Liptovské Sliače","Slovensko"
"F-3150","49.8096722","12.4377581","Bärnau","Německo"
"F-3151","49.4433252","12.2735328","Guteneck","Německo"
"F-3153","51.2070067","16.1553231","Leknica","Polsko"
"F-3155","50.5211075","16.4955167","Scienawka Sriedna","Polsko"
"F-3157","48.9984281","18.8815648","Príbovce","Slovensko"
"F-3159","50.8400599","15.7813713","Myslakowice","Polsko"
"F-3160","50.9563551","14.0755442","Kurort-Rathen","Německo"
"F-3162","50.5542035","16.7978587","Braszowice","Polsko"
"F-3168","49.1834989","18.8633848","Strečno","Slovensko"
"F-3169","49.7932226","18.9505536","Jaworze","Polsko"
"F-3170","47.5822342","20.1743526","Jaszszentandras","Maďarsko"
"F-3172","49.6725494","12.3313989","Waldthurn","Německo"
"F-3174","49.3705773","18.4801481","Obec Makov","Slovensko"
"F-3176","29.5310744","-96.0710696","East Bernard","Spojené státy americké"
"F-3177","49.3705773","18.4801481","Makov","Slovensko"
"F-3179","48.8443817","13.1376652","Správní společenství Lalling","Německo"
"F-3181","48.94416","15.04408","Litschau","Rakousko"
"F-3183","48.3982617","10.5995405","Zusmarshausen","Německo"
"F-3185","50.1200675","8.5233679","Sulzbach am Taunus","Německo"
"F-3187","48.1723102","11.7159097","Aschheim","Německo"
"F-3189","43.635993","5.528175","Meyrargues","Francie"
"F-3191","48.7962816","18.4781934","Nitrianské Rudno","Slovensko"
"F-3193","51.0212945","17.3164789","Jelcz Laskowice","Polsko"
"F-3195","50.625307","6.9477005","Rheinbach","Německo"
"F-3196","49.0177574","13.2379307","Zwiesel","Německo"
"F-3197","48.9897888","13.3010132","Frauenau","Německo"
"F-3198","51.5043518","14.6345926","Weisswasser","Německo"
"F-3200","53.6100865","8.6078866","Langen","Německo"
"F-3202","47.0095","7.56666","Krauchthal","Švýcarsko"
"F-3204","52.9432129","17.2996897","Golancz","Polsko"
"F-3206","48.37695","16.26404","Spillern","Rakousko"
"F-3208","50.3479489","16.7684948","Trzebieszowice","Polsko"
"F-3210","49.2135319","21.2967949","Kobyly","Slovensko"
"F-3211","53.3212027","18.5055028","Stolno","Polsko"
"F-3215","50.2213154","12.3079705","Bad Brambach","Německo"
"F-3216","49.9803022","12.4441067","Neualbenreuth","Německo"
"F-3217","42.918916","10.761376","Follonica","Itálie"
"F-3219","49.7707547","8.6448219","Seeheim-Jugenheim","Německo"
"F-3221","48.6149393","17.0498101","Borský Sv.Jur","Slovensko"
"F-3223","49.5094508","19.1130386","Rajcza","Polsko"
"F-3224","49.3606193","18.8215753","Dunajov","Slovensko"
"F-3226","48.8782514","17.795595","Nová Bošáca","Slovensko"
"F-3229","46.7879","7.53851","Seftigen","Švýcarsko"
"F-3230","48.2434845","15.2844345","Leiben","Rakousko"
"F-3232","49.0214866","19.7939809","Obec Kráľova Lehota","Slovensko"
"F-3234","48.7791596","17.6934767","Stará Turá","Slovensko"
"F-3235","37.8949148","127.2003551","Pocheon","Korea"
"F-3237","40.1573169","-76.3069014","Lititz v Pensylvanii","Spojené státy americké"
"F-3239","48.9301689","17.9428128","sdružení obcí Púchovská dolina","Slovensko"
"F-3241","50.8274316","15.5261478","Szklarska Poreba","Polsko"
"F-3243","48.6442814","16.9033315","Rabensburg","Rakousko"
"F-3245","46.9645999","7.2149999","Gurbrü","Švýcarsko"
"F-3247","49.8122659","18.920588","Jasienica","Polsko"
"F-3248","49.506555","19.4165651","Sihelné","Slovensko"
"F-3249","48.8339976","18.0619307","Mníchova Lehota","Slovensko"
"F-3251","50.0953502","12.2196079","Hohenberg a.d. Eger","Německo"
"F-3253","48.511396","0.354877","le Mele sur Sarthe","Francie"
"F-3256","50.5895197","13.0717244","Mildenau","Německo"
"F-3258","48.7990783","17.4686785","Vrbovce","Slovensko"
"F-3260","50.3119351","12.3747887","Erlbach","Německo"
"F-3262","48.680572","19.9428911","Tisovec","Slovensko"
"F-3263","48.293869","20.4368242","Putnok","Maďarsko"
"F-3264","49.6035628","21.5238126","Nowy Zmigród","Polsko"
"F-3265","49.0903746","19.8190218","Liptovská Kokava","Slovensko"
"F-3268","48.7713751","18.5431016","Kocurany","Slovensko"
"F-3271","48.9403887","19.3225742","Liptovská Lúžna","Slovensko"
"F-3273","49.3991744","11.6451327","Aicha","Německo"
"F-3275","50.496245","16.5287318","Scinawka Dolna","Polsko"
"F-3277","50.8829633","16.9905967","Borów","Polsko"
"F-3279","51.3833896","10.3294019","Beuren, obecní část města Leinefelde - Worbis","Německo"
"F-3281","50.7195979","13.1926299","Reifland - obecní část města Lengefeld","Německo"
"F-3283","50.7108423","13.423483","Sayda","Německo"
"F-3284","44.0056296","12.301574","Sogliano al Rubicone","Itálie"
"F-3286","50.6850152","16.2291523","Sokolowsko","Polsko"
"F-3287","50.7700971","16.2822568","Walbrzych - powiat","Polsko"
"F-3291","50.5437414","17.370801","Pakoslawice","Polsko"
"F-3292","48.6713302","21.3189117","Košice - Krásna","Slovensko"
"F-3293","47.3701837","20.630979","Kuhegyesz","Maďarsko"
"F-3296","49.4425964","18.7338628","Rakova","Slovensko"
"F-3298","49.9875773","10.2480029","Schwebheim","Německo"
"F-3301","50.5578866","12.9519534","Stadt Schlettau","Německo"
"F-3303","49.4810449","18.7920396","Svrčinovec","Slovensko"
"F-3304","49.6065941","19.1154264","Węgierska Górka","Polsko"
"F-3306","49.0509744","18.9548596","Dražkovce","Slovensko"
"F-3308","51.4556749","11.010456","Berga","Německo"
"F-3309","49.7141467","11.9058744","Grafenwohr","Německo"
"F-3310","49.825494","3.285468","Gauchy","Francie"
"F-3312","53.1417565","17.6018342","Naklo nad Notecia","Polsko"
"F-3314","50.41339","16.44742","Szczytna","Polsko"
"F-3316","49.0650416","18.2058909","Mikušovce","Slovensko"
"F-3318","46.71665","7.92819","Niedrried","Švýcarsko"
"F-3320","48.7258186","17.6086614","Jablonka","Slovensko"
"F-3322","49.0852765","11.62266","Breitenbrunn","Německo"
"F-3324","46.9707","7.23845","Wileroltigen","Švýcarsko"
"F-3326","50.6054143","13.4643637","Deutschneudorf","Německo"
"F-3328","46.9420166","7.8770527","Trub","Švýcarsko"
"F-3330","48.75476","16.4997","Wildendurnbach","Rakousko"
"F-3333","45.8162592","8.9959444","Drezzo","Itálie"
"F-3335","51.1457897","14.8846716","Markersdorf","Německo"
"F-3336","51.1449432","16.047285","Krotoszyce","Polsko"
"F-3339","48.76025","17.6303954","Rudník","Slovensko"
"F-3341","53.0166275","-6.3465015","Glendalough","Irsko"
"F-3343","50.9363709","15.7429919","Jezow Sudecki","Polsko"
"F-3344","48.3652069","11.4634293","Vierkirchen","Německo"
"F-3346","49.9168442","18.7639257","Strumień","Polsko"
"F-3348","50.4919804","18.0199044","GOGOLIN  GOGOLIN","Polsko"
"F-3349","49.7150006","19.0235999","SZCZRK","Polsko"
"F-3350","50.2391663","17.4490967","PIETRKOVICE","Polsko"
"F-3352","49.9829811","18.2684612","Gmina Krzyzanowice","Polsko"
"F-3354","48.658969","17.2651868","Šajdíkove Humence","Slovensko"
"F-3356","50.0780951","12.228463","Schirnding","Německo"
"F-3358","49.7993732","11.0121219","Altendorf","Německo"
"F-3360","50.07184","1.749701","Moyenneville","Francie"
"F-3362","48.671386","18.5483034","Kamenec pod Vtáčníkom","Slovensko"
"F-3364","48.1881878","17.2572282","Ivanka pri Dunaji","Slovensko"
"F-3366","51.3704296","16.9606266","Prusice","Polsko"
"F-3368","49.421716","18.6952899","Staškov","Slovensko"
"F-3369","49.2136622","18.8851585","Krasňany","Slovensko"
"F-3371","50.8999681","14.8029971","Zittau","Německo"
"F-3373","48.8521311","19.8525582","Polomka","Slovensko"
"F-3374","49.1681653","20.8271144","Poloma","Slovensko"
"F-3375","48.7115582","20.4747299","Gemerská Polom","Slovensko"
"F-3378","48.9771815","13.1283598","Regen","Německo"
"F-3380","48.9710116","18.6975306","Vrícko","Slovensko"
"F-3382","44.5176763","9.0473203","Montoggio","Itálie"
"F-3384","49.149816","21.3156651","Raslavice","Slovensko"
"F-3386","48.2662613","17.4196551","Blatné","Slovensko"
"F-3387","47.6902","18.8978","Pilisszetkereszt (Mlynky)","Maďarsko"
"F-3390","49.1410022","18.4738874","Považská Bystrica, Považska Teplá","Slovensko"
"F-3392","50.9420982","18.229865","Kuniow","Polsko"
"F-3394","51.0730915","16.0967344","Mecinka","Polsko"
"F-3396","48.8211237","21.6951282","Sačurov","Slovensko"
"F-3397","49.5579944","22.0966714","Pisarowce","Polsko"
"F-3399","49.6417301","12.4962639","Waidhaus","Německo"
"F-3401","48.8172277","18.588608","Kanianka","Slovensko"
"F-3404","51.3606414","15.7642535","Gromadka","Polsko"
"F-3406","48.515546","18.8451812","Repiste","Slovensko"
"F-3408","51.3614279","-0.193961","Sutton Bridge","Velká Británie"
"F-3410","49.935551","11.9733568","Neusorg","Německo"
"F-3412","50.799108","13.1652132","Leubsdorf","Německo"
"F-3414","49.9418362","11.7218379","Weidenberg","Německo"
"F-3415","48.014409","-4.487751","Plouhinec","Francie"
"F-3416","46.4928216","11.1300048","Unsere Liebe Frau im Walde – Sankt Felix","Itálie"
"F-3417","53.0189292","23.1410361","Juchnowiec Koscielny","Polsko"
"F-3418","51.1521139","14.1361724","Rammenau","Německo"
"F-3420","48.6542593","13.4113313","Ruderting","Německo"
"F-3422","49.4425964","18.7338628","Raková","Slovensko"
"F-3424","46.9626414","13.1903639","Lasse","Rakousko"
"F-3426","49.3543745","6.8057285","Saarwellingen","Německo"
"F-3427","46.61921","3.773899","Bourbon Lancy","Francie"
"F-3429","48.08205","14.93179","Euratsfeld","Rakousko"
"F-3430","48.8198315","17.795145","Moravské Lieskové","Slovensko"
"F-3432","48.7046502","18.4478195","Nitrica","Slovensko"
"F-3434","51.0172494","14.7406151","Herrnhut","Německo"
"F-3435","48.2585771","15.5652881","Karlstetten","Rakousko"
"F-3437","48.4068038","14.419768","Albendorf","Rakousko"
"F-3439","50.5766701","17.8714049","Prozskow","Polsko"
"F-3441","48.4657012","17.4938478","Boleráz","Slovensko"
"F-3443","48.7196","16.38721","Laa an der Thaya","Rakousko"
"F-3445","50.2277677","18.1261068","Polska Cerekiew","Polsko"
"F-3446","52.4846988","7.98796","Rieste","Německo"
"F-3448","48.9721777","17.9786215","Horná Súča","Slovensko"
"F-3450","49.9168442","18.7639257","Strumieň","Polsko"
"F-3451","49.4051339","18.6268519","Turzovka","Slovensko"
"F-3453","49.9829811","18.2684612","Krzyžanowice","Polsko"
"F-3457","49.337819","20.002872","Poronin","Polsko"
"F-3459","49.0526207","20.0814543","Štrba","Slovensko"
"F-3460","50.08005","18.00413","Kitrz","Polsko"
"F-3462","50.6422","17.61989","Niemodlin","Polsko"
"F-3463","43.5831296","13.1697037","Belvedere Ostrense","Itálie"
"F-3465","50.1716068","8.4657025","Königstein","Německo"
"F-3467","51.395255","12.374661","Wiederitzsch","Německo"
"F-3469","48.6683435","18.3129215","Nedašovce","Slovensko"
"F-3471","48.8187262","18.6211198","Lazany","Slovensko"
"F-3473","50.0511178","17.7914343","Branice","Polsko"
"F-3476","49.0703029","19.7587282","Vavrišovo","Slovensko"
"F-3478","48.3297326","16.911841","Vysoká pri Morave","Slovensko"
"F-3480","50.71966","16.345569","Jedlina - Zdrój","Polsko"
"F-3481","45.379111","5.64541","St. Etienne de Crossey","Francie"
"F-3483","49.2663041","19.4468589","Dlhá nad Oravou","Slovensko"
"F-3485","50.336541","17.265022","Slawniowice","Polsko"
"F-3487","48.4662884","17.4395804","Horné Orešany","Slovensko"
"F-3491","50.5909244","21.0079876","Szydlow","Polsko"
"F-3492","48.3832287","18.3976342","Zlaté Moravce","Slovensko"
"F-3494","49.7350685","18.7364724","Goleszów","Polsko"
"F-3495","49.4942795","18.8194813","Čierné","Slovensko"
"F-3497","51.3108889","13.6755588","Lampertswalde","Německo"
"F-3498","50.3939515","10.3525067","Hendungen","Německo"
"F-3500","48.7126814","18.6440697","Cigel´","Slovensko"
"F-3502","48.6772638","17.4441513","Prietrž","Slovensko"
"F-3504","49.3488705","19.3840069","Vasilov","Slovensko"
"F-3505","49.3323414","19.3823568","Babín","Slovensko"
"F-3507","48.7201773","16.1282715","Pernersdorf, Auggenthal, Alberndorf, Untermarkersdor, Hadres, Obritz, Mailberg, Seefeld","Rakousko"
"F-3509","44.7522334","21.7919205","Gernik","Rumunsko"
"F-3511","50.8692548","9.3458996","Neukirchen","Německo"
"F-3514","49.1916705","22.0056222","obec Výrava, Prešovský kraj","Slovensko"
"F-3516","49.1916705","22.0056222","Výrava","Slovensko"
"F-3518","48.2897713","15.9409704","Marktgemeinde Michelhausen","Rakousko"
"F-3520","46.8166667","7.5833333","Kiesn","Švýcarsko"
"F-3522","48.7112849","9.5860838","Uhingen","Německo"
"F-3524","48.05009","14.41827","Stayer","Rakousko"
"F-3532","52.519171","13.406091199999992","Berlín","Německo"
"F-3534","48.5785391","19.527618699999948","Hriňová","Slovensko"
"F-3535","36.8589486","14.760884000000033","Modica","Itálie"
"F-3536","51.76779","0.08781","Harlow","Velká Británie"
"F-3538","50.76395309999999","13.757888900000012","Altenberg","Německo"
"F-3539","50.7733179","6.10211060000006","Cáchy","Německo"
"F-3541","50.7598671","7.854282399999988","Steineroth","Německo"
"F-3543","50.6763693","13.016695300000038","Drebach","Německo"
"F-3544","49.2716439","20.26212110000006","Ždiar","Slovensko"
"F-3547","53.13887399999999","6.429724999999962","Roden","Nizozemsko"
"F-3549","49.4309701","19.34149149999996","Beňadovo","Slovensko"
"F-3554","50.4045608","16.512892999999963","Polanica-Zdrój","Polsko"
"F-3556","47.196925","6.161428000000001","Mamirolle","Francie"
"F-3557","48.1462386","17.10726180000006","Bratislava","Slovensko"
"F-3559","50.404284","16.3904407","Duszniki-Zdrój","Polsko"
"F-3560","53.3900441","-2.596950099999958","Warrington","Velká Británie"
"F-3561","44.7522334","21.79192050000006","Gerník","Rumunsko"
"F-3564","49.2032777","11.84902169999998","Hohenfels","Německo"
"F-3565","37.034778","27.967367999999965","Ören","Turecko"
"F-3567","52.6040587","11.853835600000025","Stendal","Německo"
"F-3568","48.7131896","9.419726399999945","Plochingen","Německo"
"F-3569","48.720478","2.531041899999991","Villecresnes","Francie"
"F-3573","47.0101568","7.249820600000021","Niederried bei Kallnach","Švýcarsko"
